"Date,""Price"",""Open"",""High"",""Low"",""Vol."",""Change %"""
"06/26/2024,""846.07"",""846.07"",""846.86"",""841.05"","""",""0.60%"""
"06/25/2024,""841.05"",""841.05"",""845.45"",""836.91"","""",""-0.01%"""
"06/24/2024,""841.12"",""841.12"",""849.28"",""840.65"","""",""-0.93%"""
"06/21/2024,""848.99"",""848.99"",""853.13"",""847.79"","""",""-0.35%"""
"06/20/2024,""851.93"",""851.93"",""853.63"",""847.22"","""",""0.06%"""
"06/19/2024,""851.41"",""851.41"",""856.08"",""848.43"","""",""0.35%"""
"06/18/2024,""848.43"",""848.43"",""854.05"",""845.21"","""",""-0.44%"""
"06/17/2024,""852.14"",""852.14"",""858.05"",""849.37"","""",""-0.12%"""
"06/14/2024,""853.13"",""853.13"",""857.79"",""850.27"","""",""-0.18%"""
"06/13/2024,""854.66"",""854.66"",""855.91"",""848.02"","""",""-0.13%"""
"06/12/2024,""855.79"",""855.79"",""864.00"",""855.64"","""",""-0.28%"""
"06/11/2024,""858.23"",""858.23"",""862.57"",""855.63"","""",""0.30%"""
"06/10/2024,""855.63"",""855.63"",""862.39"",""853.60"","""",""-0.74%"""
"06/07/2024,""862.00"",""862.00"",""865.04"",""857.50"","""",""-0.35%"""
"06/06/2024,""865.04"",""865.04"",""866.56"",""856.73"","""",""0.09%"""
"06/05/2024,""864.27"",""864.27"",""866.81"",""862.13"","""",""-0.15%"""
"06/04/2024,""865.54"",""865.54"",""868.25"",""857.05"","""",""0.01%"""
"06/03/2024,""865.44"",""865.44"",""870.70"",""862.25"","""",""0.01%"""
"05/31/2024,""865.39"",""865.39"",""869.69"",""861.94"","""",""0.21%"""
"05/30/2024,""863.60"",""863.60"",""867.62"",""859.35"","""",""-0.35%"""
"05/29/2024,""866.59"",""866.59"",""869.47"",""864.74"","""",""-0.03%"""
"05/28/2024,""866.82"",""866.82"",""868.42"",""863.53"","""",""0.04%"""
"05/27/2024,""866.50"",""866.50"",""872.19"",""865.16"","""",""0.01%"""
"05/23/2024,""866.45"",""866.45"",""870.06"",""864.08"","""",""-0.19%"""
"05/22/2024,""868.11"",""868.11"",""873.68"",""862.66"","""",""-0.36%"""
"05/21/2024,""871.29"",""871.29"",""872.94"",""863.01"","""",""0.96%"""
"05/20/2024,""863.01"",""863.01"",""864.21"",""847.77"","""",""0.82%"""
"05/17/2024,""855.96"",""855.96"",""857.26"",""849.40"","""",""0.77%"""
"05/16/2024,""849.40"",""849.40"",""850.65"",""845.74"","""",""0.37%"""
"05/15/2024,""846.30"",""846.30"",""853.19"",""846.04"","""",""-0.33%"""
"05/14/2024,""849.12"",""849.12"",""850.94"",""838.79"","""",""1.23%"""
"05/13/2024,""838.79"",""838.79"",""840.42"",""834.32"","""",""0.10%"""
"05/10/2024,""837.99"",""837.99"",""838.59"",""831.93"","""",""0.61%"""
"05/09/2024,""832.94"",""832.94"",""833.19"",""824.82"","""",""0.46%"""
"05/08/2024,""829.14"",""829.14"",""831.00"",""822.60"","""",""0.74%"""
"05/07/2024,""823.08"",""823.08"",""823.08"",""813.65"","""",""1.16%"""
"05/06/2024,""813.65"",""813.65"",""815.86"",""808.89"","""",""0.00%"""
"05/02/2024,""813.65"",""813.65"",""815.86"",""808.89"","""",""0.01%"""
"04/30/2024,""813.54"",""813.54"",""817.43"",""813.54"","""",""-0.09%"""
"04/29/2024,""814.25"",""814.25"",""818.69"",""806.45"","""",""-0.53%"""
"04/26/2024,""818.59"",""818.59"",""819.37"",""813.15"","""",""0.41%"""
"04/25/2024,""815.26"",""815.26"",""818.10"",""814.04"","""",""-0.21%"""
"04/24/2024,""816.99"",""816.99"",""817.27"",""803.07"","""",""1.48%"""
"04/23/2024,""805.04"",""805.04"",""807.29"",""801.43"","""",""-0.18%"""
"04/22/2024,""806.46"",""806.46"",""806.66"",""799.21"","""",""0.06%"""
"04/19/2024,""805.96"",""805.96"",""808.57"",""805.26"","""",""-0.16%"""
"04/18/2024,""807.23"",""807.23"",""808.79"",""803.68"","""",""0.23%"""
"04/17/2024,""805.34"",""805.34"",""807.18"",""803.38"","""",""-0.05%"""
"04/16/2024,""805.73"",""805.73"",""810.93"",""805.02"","""",""-0.60%"""
"04/15/2024,""810.58"",""810.58"",""810.88"",""803.80"","""",""0.09%"""
"04/12/2024,""809.86"",""809.86"",""812.78"",""808.46"","""",""-0.24%"""
"04/11/2024,""811.83"",""811.83"",""812.42"",""804.61"","""",""0.76%"""
"04/10/2024,""805.67"",""805.67"",""806.17"",""801.37"","""",""0.54%"""
"04/09/2024,""801.37"",""801.37"",""801.67"",""798.09"","""",""0.39%"""
"04/08/2024,""798.26"",""798.26"",""804.99"",""797.26"","""",""-0.10%"""
"04/05/2024,""799.05"",""799.05"",""800.17"",""796.31"","""",""0.06%"""
"04/04/2024,""798.58"",""798.58"",""808.40"",""797.44"","""",""-1.21%"""
"04/03/2024,""808.40"",""808.40"",""811.20"",""803.82"","""",""0.09%"""
"04/02/2024,""807.70"",""807.70"",""809.22"",""804.50"","""",""0.03%"""
"03/28/2024,""807.47"",""807.47"",""808.49"",""800.83"","""",""0.49%"""
"03/27/2024,""803.52"",""803.52"",""807.04"",""802.81"","""",""-0.12%"""
"03/26/2024,""804.48"",""804.48"",""807.86"",""803.16"","""",""-0.13%"""
"03/25/2024,""805.51"",""805.51"",""807.59"",""803.49"","""",""-0.06%"""
"03/22/2024,""806.02"",""806.02"",""811.34"",""805.63"","""",""-0.62%"""
"03/21/2024,""811.02"",""811.02"",""811.89"",""804.79"","""",""-0.04%"""
"03/20/2024,""811.35"",""811.35"",""814.15"",""809.24"","""",""0.26%"""
"03/19/2024,""809.24"",""809.24"",""814.40"",""809.24"","""",""-0.63%"""
"03/18/2024,""814.40"",""814.40"",""818.65"",""810.59"","""",""0.07%"""
"03/15/2024,""813.82"",""813.82"",""816.03"",""810.52"","""",""0.02%"""
"03/14/2024,""813.62"",""813.62"",""815.87"",""808.68"","""",""0.52%"""
"03/13/2024,""809.41"",""809.41"",""811.85"",""807.26"","""",""-0.09%"""
"03/12/2024,""810.13"",""810.13"",""813.81"",""806.52"","""",""-0.45%"""
"03/11/2024,""813.81"",""813.81"",""817.61"",""803.00"","""",""1.35%"""
"03/08/2024,""803.00"",""803.00"",""804.14"",""794.63"","""",""0.72%"""
"03/07/2024,""797.24"",""797.24"",""802.00"",""793.09"","""",""-0.43%"""
"03/06/2024,""800.72"",""800.72"",""800.72"",""794.35"","""",""0.80%"""
"03/05/2024,""794.35"",""794.35"",""796.71"",""792.54"","""",""0.15%"""
"03/01/2024,""793.16"",""793.16"",""793.16"",""788.35"","""",""0.60%"""
"02/29/2024,""788.42"",""788.42"",""788.42"",""781.68"","""",""0.56%"""
"02/28/2024,""784.03"",""784.03"",""784.84"",""780.58"","""",""0.08%"""
"02/27/2024,""783.41"",""783.41"",""787.25"",""782.95"","""",""-0.21%"""
"02/26/2024,""785.07"",""785.07"",""786.05"",""784.52"","""",""-0.05%"""
"02/23/2024,""785.45"",""785.45"",""785.88"",""783.09"","""",""0.08%"""
"02/22/2024,""784.84"",""784.84"",""786.71"",""780.01"","""",""0.62%"""
"02/21/2024,""780.01"",""780.01"",""781.61"",""776.78"","""",""-0.14%"""
"02/20/2024,""781.07"",""781.07"",""782.73"",""778.26"","""",""-0.08%"""
"02/19/2024,""781.73"",""781.73"",""786.73"",""778.21"","""",""-0.46%"""
"02/16/2024,""785.36"",""785.36"",""786.84"",""779.57"","""",""0.60%"""
"02/15/2024,""780.69"",""780.69"",""787.02"",""779.02"","""",""-0.57%"""
"02/14/2024,""785.20"",""785.20"",""786.98"",""779.64"","""",""0.66%"""
"02/13/2024,""780.02"",""780.02"",""783.86"",""778.26"","""",""-0.22%"""
"02/12/2024,""781.76"",""781.76"",""783.08"",""778.89"","""",""0.09%"""
"02/09/2024,""781.02"",""781.02"",""781.89"",""778.46"","""",""-0.04%"""
"02/08/2024,""781.32"",""781.32"",""783.77"",""780.39"","""",""-0.07%"""
"02/07/2024,""781.87"",""781.87"",""783.12"",""777.59"","""",""0.52%"""
"02/06/2024,""777.84"",""777.84"",""780.70"",""775.54"","""",""-0.15%"""
"02/05/2024,""778.98"",""778.98"",""781.49"",""778.55"","""",""-0.13%"""
"02/02/2024,""779.96"",""779.96"",""783.52"",""776.84"","""",""-0.45%"""
"02/01/2024,""783.52"",""783.52"",""787.83"",""780.59"","""",""-0.40%"""
"01/31/2024,""786.68"",""786.68"",""787.71"",""780.50"","""",""-0.13%"""
"01/30/2024,""787.71"",""787.71"",""791.95"",""785.09"","""",""-0.26%"""
"01/29/2024,""789.80"",""789.80"",""790.76"",""785.61"","""",""0.26%"""
"01/26/2024,""787.72"",""787.72"",""787.72"",""777.79"","""",""0.72%"""
"01/25/2024,""782.07"",""782.07"",""787.29"",""775.75"","""",""-0.21%"""
"01/24/2024,""783.72"",""783.72"",""786.27"",""771.47"","""",""0.71%"""
"01/23/2024,""778.21"",""778.21"",""788.32"",""777.43"","""",""-0.46%"""
"01/22/2024,""781.82"",""781.82"",""791.48"",""781.82"","""",""-0.14%"""
"01/19/2024,""782.93"",""782.93"",""783.40"",""773.10"","""",""0.73%"""
"01/18/2024,""777.23"",""777.23"",""777.47"",""771.38"","""",""0.45%"""
"01/17/2024,""773.78"",""773.78"",""775.98"",""772.70"","""",""-0.10%"""
"01/16/2024,""774.57"",""774.57"",""776.84"",""771.04"","""",""0.21%"""
"01/15/2024,""772.96"",""772.96"",""778.68"",""772.65"","""",""-0.59%"""
"01/12/2024,""777.54"",""777.54"",""777.54"",""766.70"","""",""1.01%"""
"01/11/2024,""769.78"",""769.78"",""769.78"",""759.25"","""",""0.81%"""
"01/10/2024,""763.63"",""763.63"",""767.21"",""760.58"","""",""-0.47%"""
"01/09/2024,""767.21"",""767.21"",""767.21"",""758.05"","""",""1.14%"""
"01/08/2024,""758.55"",""758.55"",""767.52"",""749.22"","""",""-1.08%"""
"01/05/2024,""766.84"",""766.84"",""768.93"",""759.19"","""",""0.30%"""
"01/04/2024,""764.52"",""764.52"",""767.08"",""755.85"","""",""0.89%"""
"01/03/2024,""757.78"",""757.78"",""768.87"",""757.49"","""",""-1.44%"""
"01/02/2024,""768.87"",""768.87"",""773.16"",""764.98"","""",""0.49%"""
"12/29/2023,""765.12"",""765.12"",""765.12"",""741.12"","""",""3.10%"""
"12/28/2023,""742.09"",""742.09"",""742.95"",""740.31"","""",""0.15%"""
"12/26/2023,""740.97"",""740.97"",""742.51"",""737.26"","""",""0.00%"""
"12/22/2023,""740.97"",""740.97"",""742.51"",""737.26"","""",""0.03%"""
"12/21/2023,""740.77"",""740.77"",""743.97"",""735.33"","""",""-0.20%"""
"12/20/2023,""742.27"",""742.27"",""745.06"",""738.61"","""",""-0.32%"""
"12/19/2023,""744.68"",""744.68"",""745.00"",""737.33"","""",""0.11%"""
"12/18/2023,""743.83"",""743.83"",""749.51"",""741.52"","""",""-0.20%"""
"12/15/2023,""745.32"",""745.32"",""748.21"",""740.97"","""",""-0.39%"""
"12/14/2023,""748.21"",""748.21"",""759.17"",""746.87"","""",""-1.44%"""
"12/13/2023,""759.17"",""759.17"",""759.29"",""751.66"","""",""0.48%"""
"12/12/2023,""755.51"",""755.51"",""756.47"",""754.68"","""",""-0.11%"""
"12/11/2023,""756.33"",""756.33"",""760.55"",""753.72"","""",""0.04%"""
"12/08/2023,""755.99"",""755.99"",""759.90"",""750.82"","""",""-0.43%"""
"12/07/2023,""759.25"",""759.25"",""761.91"",""754.20"","""",""0.36%"""
"12/06/2023,""756.56"",""756.56"",""756.56"",""749.80"","""",""0.87%"""
"12/05/2023,""750.04"",""750.04"",""750.47"",""746.75"","""",""0.19%"""
"12/04/2023,""748.61"",""748.61"",""748.61"",""743.87"","""",""0.35%"""
"12/01/2023,""745.97"",""745.97"",""747.21"",""745.18"","""",""-0.03%"""
"11/30/2023,""746.23"",""746.23"",""746.23"",""742.36"","""",""0.49%"""
"11/29/2023,""742.57"",""742.57"",""747.37"",""741.48"","""",""-0.54%"""
"11/28/2023,""746.58"",""746.58"",""746.74"",""741.25"","""",""0.71%"""
"11/27/2023,""741.34"",""741.34"",""749.78"",""739.88"","""",""-0.99%"""
"11/24/2023,""748.79"",""748.79"",""749.27"",""737.63"","""",""0.34%"""
"11/23/2023,""746.24"",""746.24"",""746.24"",""737.18"","""",""0.75%"""
"11/22/2023,""740.72"",""740.72"",""741.47"",""734.36"","""",""0.44%"""
"11/21/2023,""737.46"",""737.46"",""746.53"",""737.46"","""",""-1.21%"""
"11/20/2023,""746.53"",""746.53"",""750.05"",""744.67"","""",""-0.30%"""
"11/17/2023,""748.78"",""748.78"",""750.23"",""745.86"","""",""0.06%"""
"11/16/2023,""748.33"",""748.33"",""748.71"",""741.54"","""",""-0.05%"""
"11/15/2023,""748.71"",""748.71"",""748.98"",""744.98"","""",""0.03%"""
"11/14/2023,""748.52"",""748.52"",""750.02"",""746.28"","""",""0.15%"""
"11/13/2023,""747.37"",""747.37"",""747.37"",""740.39"","""",""0.70%"""
"11/10/2023,""742.21"",""742.21"",""744.52"",""741.77"","""",""-0.08%"""
"11/09/2023,""742.79"",""742.79"",""745.91"",""742.42"","""",""-0.41%"""
"11/08/2023,""745.84"",""745.84"",""746.67"",""740.11"","""",""-0.11%"""
"11/07/2023,""746.67"",""746.67"",""753.04"",""743.45"","""",""-0.81%"""
"11/06/2023,""752.78"",""752.78"",""752.85"",""741.41"","""",""1.03%"""
"11/03/2023,""745.07"",""745.07"",""748.46"",""739.88"","""",""-0.25%"""
"11/02/2023,""746.91"",""746.91"",""747.00"",""744.95"","""",""-0.01%"""
"11/01/2023,""747.00"",""747.00"",""747.09"",""742.72"","""",""0.00%"""
"10/31/2023,""747.00"",""747.00"",""749.67"",""744.92"","""",""-0.11%"""
"10/30/2023,""747.86"",""747.86"",""748.14"",""743.84"","""",""0.11%"""
"10/27/2023,""747.05"",""747.05"",""747.05"",""740.63"","""",""0.22%"""
"10/26/2023,""745.40"",""745.40"",""746.93"",""741.95"","""",""0.37%"""
"10/25/2023,""742.64"",""742.64"",""743.32"",""741.04"","""",""0.05%"""
"10/24/2023,""742.27"",""742.27"",""742.27"",""735.91"","""",""0.31%"""
"10/23/2023,""740.00"",""740.00"",""741.92"",""734.12"","""",""-0.26%"""
"10/20/2023,""741.92"",""741.92"",""750.20"",""741.23"","""",""-1.10%"""
"10/19/2023,""750.20"",""750.20"",""754.16"",""747.02"","""",""-0.31%"""
"10/18/2023,""752.53"",""752.53"",""755.11"",""742.04"","""",""0.38%"""
"10/17/2023,""749.65"",""749.65"",""754.12"",""745.21"","""",""0.18%"""
"10/16/2023,""748.29"",""748.29"",""751.12"",""745.92"","""",""-0.28%"""
"10/13/2023,""750.41"",""750.41"",""754.59"",""750.41"","""",""-0.32%"""
"10/12/2023,""752.83"",""752.83"",""753.29"",""748.26"","""",""0.13%"""
"10/11/2023,""751.89"",""751.89"",""753.88"",""748.11"","""",""-0.20%"""
"10/10/2023,""753.40"",""753.40"",""759.72"",""749.18"","""",""-0.31%"""
"10/09/2023,""755.71"",""755.71"",""757.24"",""749.10"","""",""0.34%"""
"10/06/2023,""753.13"",""753.13"",""756.12"",""750.73"","""",""-0.06%"""
"10/05/2023,""753.57"",""753.57"",""756.42"",""751.77"","""",""0.24%"""
"10/04/2023,""751.77"",""751.77"",""756.52"",""746.24"","""",""0.53%"""
"10/03/2023,""747.79"",""747.79"",""748.80"",""742.66"","""",""-0.13%"""
"10/02/2023,""748.73"",""748.73"",""755.97"",""744.82"","""",""-0.93%"""
"09/29/2023,""755.73"",""755.73"",""755.80"",""750.68"","""",""0.07%"""
"09/28/2023,""755.18"",""755.18"",""755.49"",""742.97"","""",""1.53%"""
"09/27/2023,""743.79"",""743.79"",""744.37"",""740.30"","""",""0.03%"""
"09/26/2023,""743.56"",""743.56"",""744.16"",""741.23"","""",""0.24%"""
"09/25/2023,""741.81"",""741.81"",""741.99"",""735.94"","""",""0.09%"""
"09/21/2023,""741.15"",""741.15"",""741.92"",""729.52"","""",""0.15%"""
"09/20/2023,""740.06"",""740.06"",""740.06"",""733.20"","""",""0.91%"""
"09/19/2023,""733.39"",""733.39"",""740.97"",""730.77"","""",""-1.02%"""
"09/18/2023,""740.97"",""740.97"",""746.11"",""738.04"","""",""-0.65%"""
"09/15/2023,""745.82"",""745.82"",""752.26"",""738.48"","""",""-0.82%"""
"09/14/2023,""751.96"",""751.96"",""754.14"",""747.97"","""",""-0.19%"""
"09/13/2023,""753.37"",""753.37"",""757.54"",""750.61"","""",""-0.30%"""
"09/12/2023,""755.65"",""755.65"",""756.18"",""753.23"","""",""0.08%"""
"09/11/2023,""755.03"",""755.03"",""756.68"",""749.32"","""",""-0.22%"""
"09/08/2023,""756.68"",""756.68"",""757.88"",""754.50"","""",""0.03%"""
"09/07/2023,""756.46"",""756.46"",""756.54"",""743.52"","""",""1.41%"""
"09/05/2023,""745.93"",""745.93"",""752.26"",""726.88"","""",""-0.84%"""
"09/04/2023,""752.26"",""752.26"",""758.33"",""750.51"","""",""-0.80%"""
"09/01/2023,""758.33"",""758.33"",""759.62"",""754.44"","""",""0.35%"""
"08/31/2023,""755.65"",""755.65"",""760.65"",""751.74"","""",""-0.29%"""
"08/30/2023,""757.88"",""757.88"",""758.47"",""752.63"","""",""0.70%"""
"08/29/2023,""752.63"",""752.63"",""753.02"",""746.62"","""",""0.80%"""
"08/28/2023,""746.62"",""746.62"",""746.70"",""741.19"","""",""0.73%"""
"08/25/2023,""741.19"",""741.19"",""741.31"",""733.06"","""",""1.06%"""
"08/24/2023,""733.41"",""733.41"",""733.60"",""730.40"","""",""0.41%"""
"08/23/2023,""730.40"",""730.40"",""731.25"",""724.41"","""",""0.16%"""
"08/22/2023,""729.22"",""729.22"",""731.30"",""722.91"","""",""-0.06%"""
"08/21/2023,""729.65"",""729.65"",""731.87"",""721.27"","""",""0.27%"""
"08/18/2023,""727.72"",""727.72"",""728.60"",""718.16"","""",""1.33%"""
"08/17/2023,""718.16"",""718.16"",""719.76"",""710.30"","""",""1.11%"""
"08/16/2023,""710.30"",""710.30"",""713.38"",""708.37"","""",""-0.43%"""
"08/15/2023,""713.38"",""713.38"",""714.55"",""708.55"","""",""0.68%"""
"08/14/2023,""708.55"",""708.55"",""708.55"",""698.72"","""",""0.29%"""
"08/11/2023,""706.53"",""706.53"",""706.78"",""704.80"","""",""0.01%"""
"08/10/2023,""706.48"",""706.48"",""707.86"",""704.24"","""",""0.21%"""
"08/09/2023,""705.00"",""705.00"",""706.17"",""704.02"","""",""-0.01%"""
"08/08/2023,""705.09"",""705.09"",""708.87"",""694.84"","""",""-0.18%"""
"08/07/2023,""706.39"",""706.39"",""708.42"",""695.21"","""",""1.61%"""
"08/04/2023,""695.21"",""695.21"",""697.03"",""691.29"","""",""0.57%"""
"08/03/2023,""691.29"",""691.29"",""691.85"",""688.55"","""",""0.40%"""
"08/02/2023,""688.55"",""688.55"",""689.75"",""687.69"","""",""0.03%"""
"08/01/2023,""688.34"",""688.34"",""692.10"",""687.14"","""",""0.17%"""
"07/31/2023,""687.14"",""687.14"",""687.14"",""678.63"","""",""1.12%"""
"07/28/2023,""679.54"",""679.54"",""679.54"",""672.82"","""",""0.26%"""
"07/27/2023,""677.81"",""677.81"",""678.16"",""676.31"","""",""0.03%"""
"07/26/2023,""677.61"",""677.61"",""677.69"",""676.61"","""",""0.06%"""
"07/25/2023,""677.22"",""677.22"",""684.91"",""676.95"","""",""-0.55%"""
"07/24/2023,""680.94"",""680.94"",""683.98"",""680.61"","""",""-0.26%"""
"07/21/2023,""682.70"",""682.70"",""683.04"",""675.64"","""",""0.69%"""
"07/20/2023,""678.05"",""678.05"",""678.05"",""672.01"","""",""0.90%"""
"07/19/2023,""672.01"",""672.01"",""672.01"",""669.03"","""",""0.21%"""
"07/18/2023,""670.59"",""670.59"",""672.76"",""670.55"","""",""-0.22%"""
"07/17/2023,""672.04"",""672.04"",""674.77"",""671.48"","""",""0.01%"""
"07/14/2023,""671.96"",""671.96"",""673.39"",""670.74"","""",""0.01%"""
"07/13/2023,""671.89"",""671.89"",""676.11"",""670.82"","""",""-0.20%"""
"07/12/2023,""673.26"",""673.26"",""674.62"",""670.67"","""",""0.11%"""
"07/11/2023,""672.53"",""672.53"",""673.07"",""669.17"","""",""0.16%"""
"07/10/2023,""671.48"",""671.48"",""674.99"",""671.34"","""",""-0.15%"""
"07/07/2023,""672.49"",""672.49"",""672.93"",""669.48"","""",""0.09%"""
"07/06/2023,""671.91"",""671.91"",""673.88"",""671.91"","""",""-0.27%"""
"07/05/2023,""673.73"",""673.73"",""673.73"",""669.83"","""",""0.38%"""
"07/04/2023,""671.17"",""671.17"",""671.38"",""660.97"","""",""0.36%"""
"07/03/2023,""668.79"",""668.79"",""673.78"",""665.07"","""",""-0.17%"""
"06/30/2023,""669.90"",""669.90"",""672.37"",""667.43"","""",""0.16%"""
"06/29/2023,""668.81"",""668.81"",""671.63"",""667.76"","""",""-0.04%"""
"06/28/2023,""669.07"",""669.07"",""672.25"",""668.78"","""",""-0.16%"""
"06/27/2023,""670.14"",""670.14"",""677.94"",""669.64"","""",""-0.82%"""
"06/26/2023,""675.67"",""675.67"",""678.45"",""675.09"","""",""-0.41%"""
"06/23/2023,""678.45"",""678.45"",""679.19"",""675.16"","""",""0.49%"""
"06/22/2023,""675.16"",""675.16"",""678.52"",""672.09"","""",""-0.39%"""
"06/21/2023,""677.81"",""677.81"",""681.29"",""674.43"","""",""0.39%"""
"06/20/2023,""675.16"",""675.16"",""685.44"",""674.26"","""",""-1.50%"""
"06/19/2023,""685.44"",""685.44"",""687.56"",""684.60"","""",""0.08%"""
"06/16/2023,""684.87"",""684.87"",""687.95"",""684.05"","""",""-0.27%"""
"06/15/2023,""686.69"",""686.69"",""690.60"",""684.16"","""",""0.23%"""
"06/14/2023,""685.11"",""685.11"",""691.18"",""678.99"","""",""-0.77%"""
"06/13/2023,""690.42"",""690.42"",""690.79"",""684.29"","""",""0.85%"""
"06/12/2023,""684.63"",""684.63"",""685.31"",""682.80"","""",""0.19%"""
"06/09/2023,""683.34"",""683.34"",""686.44"",""682.03"","""",""-0.43%"""
"06/08/2023,""686.30"",""686.30"",""686.30"",""680.17"","""",""0.68%"""
"06/07/2023,""681.64"",""681.64"",""681.90"",""679.58"","""",""0.21%"""
"06/06/2023,""680.23"",""680.23"",""684.38"",""680.23"","""",""-0.50%"""
"06/05/2023,""683.65"",""683.65"",""684.70"",""673.67"","""",""1.48%"""
"06/02/2023,""673.67"",""673.67"",""674.88"",""670.11"","""",""0.23%"""
"06/01/2023,""672.12"",""672.12"",""672.44"",""665.81"","""",""0.82%"""
"05/31/2023,""666.63"",""666.63"",""667.13"",""665.68"","""",""0.06%"""
"05/30/2023,""666.25"",""666.25"",""667.53"",""660.59"","""",""0.83%"""
"05/29/2023,""660.77"",""660.77"",""663.38"",""659.56"","""",""-0.39%"""
"05/26/2023,""663.38"",""663.38"",""664.99"",""662.16"","""",""-0.10%"""
"05/25/2023,""664.02"",""664.02"",""665.00"",""661.82"","""",""0.33%"""
"05/23/2023,""661.82"",""661.82"",""661.97"",""655.44"","""",""0.81%"""
"05/22/2023,""656.47"",""656.47"",""661.06"",""654.93"","""",""-0.08%"""
"05/19/2023,""657.00"",""657.00"",""658.97"",""641.72"","""",""2.38%"""
"05/18/2023,""641.72"",""641.72"",""642.69"",""629.27"","""",""0.50%"""
"05/17/2023,""638.54"",""638.54"",""639.49"",""637.44"","""",""0.06%"""
"05/16/2023,""638.18"",""638.18"",""641.94"",""635.39"","""",""0.44%"""
"05/15/2023,""635.39"",""635.39"",""637.42"",""624.59"","""",""0.96%"""
"05/12/2023,""629.36"",""629.36"",""634.31"",""628.46"","""",""-0.33%"""
"05/11/2023,""631.43"",""631.43"",""631.43"",""621.67"","""",""1.57%"""
"05/10/2023,""621.67"",""621.67"",""625.20"",""617.95"","""",""0.60%"""
"05/09/2023,""617.95"",""617.95"",""618.00"",""609.71"","""",""0.66%"""
"05/05/2023,""613.91"",""613.91"",""614.07"",""612.46"","""",""0.03%"""
"05/04/2023,""613.72"",""613.72"",""613.77"",""609.99"","""",""0.31%"""
"05/03/2023,""611.81"",""611.81"",""612.64"",""609.08"","""",""0.37%"""
"05/02/2023,""609.55"",""609.55"",""611.42"",""606.68"","""",""0.42%"""
"04/28/2023,""607.01"",""607.01"",""610.37"",""603.87"","""",""0.52%"""
"04/27/2023,""603.87"",""603.87"",""611.40"",""602.70"","""",""-0.91%"""
"04/26/2023,""609.40"",""609.40"",""610.08"",""605.47"","""",""-0.11%"""
"04/25/2023,""610.08"",""610.08"",""611.69"",""604.98"","""",""0.45%"""
"04/24/2023,""607.36"",""607.36"",""610.06"",""605.45"","""",""-0.26%"""
"04/21/2023,""608.95"",""608.95"",""615.45"",""606.96"","""",""-0.40%"""
"04/20/2023,""611.40"",""611.40"",""616.31"",""608.51"","""",""-0.80%"""
"04/19/2023,""616.31"",""616.31"",""617.77"",""605.22"","""",""-0.21%"""
"04/18/2023,""617.60"",""617.60"",""617.91"",""615.55"","""",""0.33%"""
"04/13/2023,""615.55"",""615.55"",""616.17"",""605.82"","""",""0.65%"""
"04/12/2023,""611.57"",""611.57"",""614.07"",""610.91"","""",""-0.21%"""
"04/11/2023,""612.84"",""612.84"",""617.79"",""610.92"","""",""0.29%"""
"04/06/2023,""611.07"",""611.07"",""613.25"",""605.60"","""",""0.10%"""
"04/05/2023,""610.43"",""610.43"",""613.12"",""609.00"","""",""-0.14%"""
"04/04/2023,""611.31"",""611.31"",""611.85"",""606.81"","""",""0.06%"""
"04/03/2023,""610.93"",""610.93"",""612.62"",""607.09"","""",""0.02%"""
"03/31/2023,""610.79"",""610.79"",""611.96"",""606.66"","""",""0.68%"""
"03/30/2023,""606.66"",""606.66"",""607.31"",""602.19"","""",""0.23%"""
"03/29/2023,""605.26"",""605.26"",""606.60"",""598.13"","""",""0.60%"""
"03/28/2023,""601.64"",""601.64"",""606.72"",""601.64"","""",""-0.55%"""
"03/27/2023,""604.98"",""604.98"",""604.98"",""598.40"","""",""0.61%"""
"03/24/2023,""601.32"",""601.32"",""602.79"",""598.74"","""",""-0.24%"""
"03/23/2023,""602.79"",""602.79"",""608.64"",""602.57"","""",""-0.79%"""
"03/22/2023,""607.58"",""607.58"",""607.99"",""600.38"","""",""0.81%"""
"03/21/2023,""602.69"",""602.69"",""604.20"",""594.91"","""",""1.18%"""
"03/20/2023,""595.64"",""595.64"",""606.59"",""580.51"","""",""-1.81%"""
"03/17/2023,""606.59"",""606.59"",""624.47"",""606.59"","""",""-2.85%"""
"03/16/2023,""624.38"",""624.38"",""624.49"",""617.61"","""",""0.39%"""
"03/15/2023,""621.93"",""621.93"",""627.78"",""614.60"","""",""-0.88%"""
"03/14/2023,""627.46"",""627.46"",""627.98"",""624.07"","""",""0.38%"""
"03/13/2023,""625.09"",""625.09"",""632.75"",""619.32"","""",""-1.21%"""
"03/10/2023,""632.75"",""632.75"",""637.23"",""632.26"","""",""-0.01%"""
"03/09/2023,""632.84"",""632.84"",""633.17"",""627.00"","""",""0.14%"""
"03/08/2023,""631.96"",""631.96"",""632.44"",""627.17"","""",""0.76%"""
"03/07/2023,""627.17"",""627.17"",""632.06"",""621.83"","""",""-0.32%"""
"03/06/2023,""629.17"",""629.17"",""630.76"",""621.71"","""",""0.77%"""
"03/02/2023,""624.35"",""624.35"",""624.35"",""612.98"","""",""0.37%"""
"03/01/2023,""622.05"",""622.05"",""631.18"",""620.83"","""",""-1.08%"""
"02/28/2023,""628.85"",""628.85"",""630.12"",""625.73"","""",""0.41%"""
"02/27/2023,""626.30"",""626.30"",""626.72"",""616.21"","""",""1.18%"""
"02/24/2023,""619.02"",""619.02"",""620.41"",""617.42"","""",""0.24%"""
"02/23/2023,""617.55"",""617.55"",""617.58"",""615.02"","""",""0.19%"""
"02/22/2023,""616.37"",""616.37"",""616.37"",""613.24"","""",""0.36%"""
"02/21/2023,""614.14"",""614.14"",""614.14"",""609.67"","""",""0.60%"""
"02/20/2023,""610.49"",""610.49"",""610.49"",""604.83"","""",""0.53%"""
"02/17/2023,""607.30"",""607.30"",""611.26"",""603.72"","""",""0.23%"""
"02/16/2023,""605.89"",""605.89"",""608.42"",""605.89"","""",""-0.28%"""
"02/15/2023,""607.59"",""607.59"",""609.91"",""602.23"","""",""-0.38%"""
"02/14/2023,""609.91"",""609.91"",""612.35"",""607.44"","""",""-0.40%"""
"02/13/2023,""612.35"",""612.35"",""614.80"",""608.97"","""",""-0.40%"""
"02/10/2023,""614.80"",""614.80"",""615.30"",""612.09"","""",""0.23%"""
"02/09/2023,""613.40"",""613.40"",""614.03"",""611.96"","""",""0.11%"""
"02/08/2023,""612.71"",""612.71"",""612.71"",""609.14"","""",""0.21%"""
"02/07/2023,""611.42"",""611.42"",""613.90"",""611.34"","""",""-0.09%"""
"02/06/2023,""612.00"",""612.00"",""615.61"",""609.40"","""",""0.12%"""
"02/03/2023,""611.28"",""611.28"",""615.33"",""608.88"","""",""-0.21%"""
"02/02/2023,""612.56"",""612.56"",""616.30"",""612.54"","""",""-0.41%"""
"02/01/2023,""615.10"",""615.10"",""615.44"",""613.28"","""",""0.03%"""
"01/31/2023,""614.89"",""614.89"",""615.67"",""614.22"","""",""0.02%"""
"01/30/2023,""614.77"",""614.77"",""616.31"",""614.04"","""",""0.12%"""
"01/27/2023,""614.04"",""614.04"",""616.88"",""614.03"","""",""-0.38%"""
"01/26/2023,""616.38"",""616.38"",""616.74"",""613.36"","""",""0.31%"""
"01/25/2023,""614.45"",""614.45"",""616.15"",""613.81"","""",""-0.14%"""
"01/24/2023,""615.34"",""615.34"",""618.51"",""615.34"","""",""-0.03%"""
"01/23/2023,""615.55"",""615.55"",""618.80"",""614.97"","""",""-0.35%"""
"01/20/2023,""617.74"",""617.74"",""619.06"",""613.73"","""",""0.63%"""
"01/19/2023,""613.90"",""613.90"",""617.19"",""612.44"","""",""0.06%"""
"01/18/2023,""613.54"",""613.54"",""616.96"",""613.54"","""",""-0.48%"""
"01/17/2023,""616.48"",""616.48"",""619.61"",""613.26"","""",""-0.51%"""
"01/16/2023,""619.61"",""619.61"",""624.24"",""619.00"","""",""-0.59%"""
"01/13/2023,""623.26"",""623.26"",""623.26"",""616.58"","""",""0.91%"""
"01/12/2023,""617.62"",""617.62"",""620.11"",""615.23"","""",""-0.40%"""
"01/11/2023,""620.09"",""620.09"",""622.12"",""616.50"","""",""0.44%"""
"01/10/2023,""617.38"",""617.38"",""618.48"",""607.27"","""",""1.64%"""
"01/09/2023,""607.40"",""607.40"",""610.93"",""602.33"","""",""0.44%"""
"01/06/2023,""604.72"",""604.72"",""605.43"",""604.10"","""",""-0.07%"""
"01/05/2023,""605.13"",""605.13"",""606.54"",""602.90"","""",""0.28%"""
"01/04/2023,""603.42"",""603.42"",""606.01"",""602.39"","""",""0.17%"""
"01/03/2023,""602.39"",""602.39"",""602.39"",""601.49"","""",""0.15%"""
"12/30/2022,""601.49"",""601.49"",""602.86"",""595.52"","""",""-0.23%"""
"12/29/2022,""602.86"",""602.86"",""605.22"",""601.72"","""",""-0.01%"""
"12/23/2022,""602.95"",""602.95"",""602.95"",""598.92"","""",""0.25%"""
"12/22/2022,""601.42"",""601.42"",""601.69"",""599.03"","""",""0.12%"""
"12/21/2022,""600.68"",""600.68"",""600.68"",""597.55"","""",""0.49%"""
"12/20/2022,""597.75"",""597.75"",""597.88"",""596.10"","""",""0.00%"""
"12/19/2022,""597.75"",""597.75"",""602.62"",""597.55"","""",""-0.60%"""
"12/16/2022,""601.38"",""601.38"",""603.14"",""597.31"","""",""-0.18%"""
"12/15/2022,""602.48"",""602.48"",""603.33"",""599.78"","""",""-0.06%"""
"12/14/2022,""602.85"",""602.85"",""602.93"",""600.21"","""",""0.21%"""
"12/13/2022,""601.58"",""601.58"",""603.00"",""599.65"","""",""-0.16%"""
"12/12/2022,""602.55"",""602.55"",""604.52"",""602.18"","""",""-0.21%"""
"12/09/2022,""603.83"",""603.83"",""603.83"",""598.61"","""",""0.24%"""
"12/08/2022,""602.40"",""602.40"",""607.14"",""601.03"","""",""-0.61%"""
"12/07/2022,""606.11"",""606.11"",""607.29"",""605.03"","""",""-0.08%"""
"12/06/2022,""606.62"",""606.62"",""607.36"",""602.15"","""",""0.67%"""
"12/05/2022,""602.61"",""602.61"",""606.61"",""599.70"","""",""-0.47%"""
"12/02/2022,""605.43"",""605.43"",""605.43"",""601.07"","""",""0.60%"""
"12/01/2022,""601.80"",""601.80"",""603.44"",""596.77"","""",""-0.27%"""
"11/30/2022,""603.44"",""603.44"",""603.55"",""597.92"","""",""0.80%"""
"11/29/2022,""598.64"",""598.64"",""599.88"",""595.12"","""",""0.34%"""
"11/28/2022,""596.62"",""596.62"",""598.41"",""593.31"","""",""0.15%"""
"11/25/2022,""595.75"",""595.75"",""598.08"",""593.10"","""",""0.45%"""
"11/24/2022,""593.10"",""593.10"",""593.96"",""591.65"","""",""0.24%"""
"11/23/2022,""591.70"",""591.70"",""594.52"",""591.70"","""",""-0.45%"""
"11/22/2022,""594.39"",""594.39"",""596.10"",""590.66"","""",""0.38%"""
"11/21/2022,""592.14"",""592.14"",""593.95"",""590.86"","""",""-0.18%"""
"11/18/2022,""593.22"",""593.22"",""594.86"",""588.89"","""",""0.74%"""
"11/17/2022,""588.89"",""588.89"",""592.48"",""585.92"","""",""-0.56%"""
"11/16/2022,""592.18"",""592.18"",""595.52"",""590.10"","""",""-0.50%"""
"11/15/2022,""595.14"",""595.14"",""602.17"",""592.32"","""",""-0.56%"""
"11/14/2022,""598.51"",""598.51"",""599.81"",""595.76"","""",""0.35%"""
"11/11/2022,""596.43"",""596.43"",""608.41"",""596.43"","""",""-0.97%"""
"11/10/2022,""602.26"",""602.26"",""602.31"",""590.26"","""",""0.81%"""
"11/09/2022,""597.45"",""597.45"",""598.59"",""594.09"","""",""0.56%"""
"11/08/2022,""594.11"",""594.11"",""594.24"",""592.28"","""",""0.19%"""
"11/07/2022,""592.98"",""592.98"",""595.70"",""589.28"","""",""-0.15%"""
"11/04/2022,""593.87"",""593.87"",""594.41"",""593.23"","""",""0.01%"""
"11/03/2022,""593.83"",""593.83"",""593.83"",""589.23"","""",""0.49%"""
"11/02/2022,""590.91"",""590.91"",""593.74"",""588.54"","""",""0.12%"""
"11/01/2022,""590.21"",""590.21"",""593.06"",""588.45"","""",""0.12%"""
"10/31/2022,""589.52"",""589.52"",""591.06"",""586.42"","""",""0.29%"""
"10/28/2022,""587.80"",""587.80"",""588.21"",""583.42"","""",""0.35%"""
"10/27/2022,""585.75"",""585.75"",""588.01"",""582.75"","""",""0.51%"""
"10/26/2022,""582.75"",""582.75"",""584.15"",""580.42"","""",""0.40%"""
"10/25/2022,""580.42"",""580.42"",""582.76"",""579.10"","""",""0.04%"""
"10/24/2022,""580.18"",""580.18"",""581.15"",""577.06"","""",""0.13%"""
"10/21/2022,""579.43"",""579.43"",""580.64"",""579.43"","""",""-0.07%"""
"10/20/2022,""579.85"",""579.85"",""581.08"",""579.13"","""",""0.05%"""
"10/19/2022,""579.58"",""579.58"",""581.78"",""579.22"","""",""-0.05%"""
"10/18/2022,""579.88"",""579.88"",""579.97"",""577.48"","""",""0.42%"""
"10/17/2022,""577.48"",""577.48"",""582.49"",""576.56"","""",""-0.73%"""
"10/14/2022,""581.70"",""581.70"",""582.22"",""578.83"","""",""0.23%"""
"10/13/2022,""580.37"",""580.37"",""582.72"",""578.85"","""",""-0.40%"""
"10/12/2022,""582.72"",""582.72"",""585.76"",""581.70"","""",""-0.07%"""
"10/11/2022,""583.11"",""583.11"",""585.60"",""582.89"","""",""-0.12%"""
"10/10/2022,""583.83"",""583.83"",""586.50"",""581.00"","""",""0.37%"""
"10/07/2022,""581.69"",""581.69"",""582.60"",""580.91"","""",""-0.15%"""
"10/06/2022,""582.54"",""582.54"",""583.99"",""581.10"","""",""0.08%"""
"10/05/2022,""582.10"",""582.10"",""584.62"",""581.67"","""",""-0.25%"""
"10/04/2022,""583.54"",""583.54"",""583.60"",""570.94"","""",""2.21%"""
"10/03/2022,""570.94"",""570.94"",""587.15"",""568.13"","""",""-2.76%"""
"09/30/2022,""587.15"",""587.15"",""587.15"",""582.44"","""",""0.32%"""
"09/29/2022,""585.29"",""585.29"",""590.37"",""584.59"","""",""-0.86%"""
"09/28/2022,""590.37"",""590.37"",""592.62"",""588.55"","""",""-0.21%"""
"09/27/2022,""591.63"",""591.63"",""592.40"",""586.25"","""",""-0.02%"""
"09/26/2022,""591.74"",""591.74"",""592.04"",""581.72"","""",""0.44%"""
"09/23/2022,""589.13"",""589.13"",""600.78"",""588.40"","""",""-1.81%"""
"09/21/2022,""599.98"",""599.98"",""602.52"",""599.72"","""",""-0.27%"""
"09/20/2022,""601.60"",""601.60"",""606.48"",""600.16"","""",""-0.80%"""
"09/19/2022,""606.48"",""606.48"",""606.71"",""600.27"","""",""0.45%"""
"09/16/2022,""603.74"",""603.74"",""606.44"",""602.41"","""",""-0.22%"""
"09/15/2022,""605.10"",""605.10"",""611.62"",""605.10"","""",""-1.07%"""
"09/14/2022,""611.62"",""611.62"",""614.75"",""610.38"","""",""-0.34%"""
"09/13/2022,""613.73"",""613.73"",""615.72"",""611.77"","""",""0.25%"""
"09/12/2022,""612.22"",""612.22"",""613.14"",""605.07"","""",""1.16%"""
"09/09/2022,""605.20"",""605.20"",""609.03"",""604.31"","""",""-0.37%"""
"09/07/2022,""607.46"",""607.46"",""610.74"",""606.85"","""",""-0.35%"""
"09/05/2022,""609.60"",""609.60"",""611.09"",""608.48"","""",""-0.24%"""
"09/02/2022,""611.09"",""611.09"",""615.79"",""610.86"","""",""-0.76%"""
"09/01/2022,""615.79"",""615.79"",""617.73"",""612.09"","""",""0.56%"""
"08/31/2022,""612.34"",""612.34"",""613.10"",""610.87"","""",""0.04%"""
"08/30/2022,""612.10"",""612.10"",""615.08"",""606.98"","""",""0.84%"""
"08/29/2022,""606.98"",""606.98"",""610.84"",""606.70"","""",""-0.13%"""
"08/26/2022,""607.75"",""607.75"",""612.42"",""603.66"","""",""0.07%"""
"08/25/2022,""607.32"",""607.32"",""617.28"",""607.28"","""",""-1.58%"""
"08/24/2022,""617.07"",""617.07"",""617.07"",""613.28"","""",""0.62%"""
"08/23/2022,""613.28"",""613.28"",""614.86"",""610.75"","""",""0.41%"""
"08/22/2022,""610.75"",""610.75"",""614.50"",""610.75"","""",""-0.61%"""
"08/19/2022,""614.47"",""0.00"",""614.47"",""611.63"","""",""0.09%"""
"08/18/2022,""613.90"",""613.90"",""615.03"",""611.58"","""",""0.09%"""
"08/17/2022,""613.36"",""613.36"",""614.64"",""611.13"","""",""-0.21%"""
"08/16/2022,""614.64"",""614.64"",""623.08"",""613.53"","""",""-1.23%"""
"08/15/2022,""622.29"",""622.29"",""622.29"",""618.65"","""",""0.50%"""
"08/12/2022,""619.18"",""619.18"",""620.74"",""614.35"","""",""0.72%"""
"08/11/2022,""614.74"",""614.74"",""619.26"",""614.58"","""",""-0.39%"""
"08/10/2022,""617.13"",""617.13"",""617.13"",""610.45"","""",""1.09%"""
"08/09/2022,""610.45"",""610.45"",""610.55"",""605.14"","""",""0.42%"""
"08/08/2022,""607.91"",""607.91"",""609.04"",""605.38"","""",""-0.09%"""
"08/05/2022,""608.44"",""608.44"",""608.66"",""604.85"","""",""0.25%"""
"08/04/2022,""606.93"",""606.93"",""607.07"",""597.92"","""",""1.18%"""
"08/03/2022,""599.85"",""599.85"",""600.06"",""596.54"","""",""0.55%"""
"08/02/2022,""596.54"",""596.54"",""602.78"",""596.54"","""",""-0.92%"""
"08/01/2022,""602.07"",""602.07"",""604.11"",""599.72"","""",""0.39%"""
"07/29/2022,""599.72"",""599.72"",""602.48"",""597.52"","""",""-0.46%"""
"07/28/2022,""602.48"",""602.48"",""607.20"",""601.28"","""",""-0.41%"""
"07/27/2022,""604.98"",""604.98"",""606.01"",""603.19"","""",""-0.14%"""
"07/26/2022,""605.85"",""605.85"",""607.12"",""597.40"","""",""1.36%"""
"07/25/2022,""597.74"",""597.74"",""601.53"",""597.35"","""",""-0.48%"""
"07/22/2022,""600.63"",""600.63"",""608.83"",""598.67"","""",""-1.35%"""
"07/21/2022,""608.83"",""608.83"",""609.85"",""601.53"","""",""-0.12%"""
"07/20/2022,""609.59"",""609.59"",""610.33"",""602.58"","""",""1.16%"""
"07/19/2022,""602.58"",""602.58"",""607.43"",""602.42"","""",""-0.79%"""
"07/18/2022,""607.38"",""607.38"",""608.03"",""605.01"","""",""0.08%"""
"07/15/2022,""606.89"",""606.89"",""609.46"",""604.25"","""",""-0.07%"""
"07/14/2022,""607.30"",""607.30"",""608.21"",""598.05"","""",""1.53%"""
"07/13/2022,""598.12"",""598.12"",""611.03"",""597.08"","""",""-1.41%"""
"07/12/2022,""606.68"",""606.68"",""610.22"",""605.69"","""",""-0.49%"""
"07/11/2022,""609.69"",""609.69"",""616.76"",""607.57"","""",""-0.88%"""
"07/08/2022,""615.09"",""615.09"",""615.63"",""610.18"","""",""0.68%"""
"07/07/2022,""610.96"",""610.96"",""613.47"",""610.00"","""",""-0.22%"""
"07/06/2022,""612.33"",""612.33"",""612.33"",""605.76"","""",""0.37%"""
"07/05/2022,""610.10"",""610.10"",""610.69"",""609.24"","""",""0.14%"""
"07/04/2022,""609.24"",""609.24"",""612.63"",""607.51"","""",""-0.12%"""
"07/01/2022,""609.99"",""609.99"",""613.64"",""609.99"","""",""-0.53%"""
"06/30/2022,""613.21"",""613.21"",""613.81"",""611.17"","""",""0.12%"""
"06/29/2022,""612.50"",""612.50"",""614.42"",""611.10"","""",""0.17%"""
"06/28/2022,""611.48"",""611.48"",""614.51"",""610.64"","""",""-0.36%"""
"06/27/2022,""613.67"",""613.67"",""616.71"",""613.34"","""",""-0.10%"""
"06/24/2022,""614.28"",""614.28"",""614.28"",""605.60"","""",""1.29%"""
"06/23/2022,""606.43"",""606.43"",""612.04"",""605.48"","""",""-0.88%"""
"06/22/2022,""611.79"",""611.79"",""616.25"",""608.98"","""",""-0.72%"""
"06/21/2022,""616.25"",""616.25"",""616.96"",""612.27"","""",""0.57%"""
"06/20/2022,""612.77"",""612.77"",""614.53"",""611.22"","""",""0.00%"""
"06/17/2022,""612.79"",""612.79"",""613.71"",""605.93"","""",""0.17%"""
"06/16/2022,""611.73"",""611.73"",""615.19"",""611.68"","""",""0.01%"""
"06/15/2022,""611.68"",""611.68"",""617.95"",""603.71"","""",""0.05%"""
"06/14/2022,""611.38"",""611.38"",""615.40"",""608.99"","""",""-0.60%"""
"06/13/2022,""615.09"",""615.09"",""620.42"",""613.71"","""",""-0.80%"""
"06/10/2022,""620.06"",""620.06"",""621.79"",""619.24"","""",""-0.04%"""
"06/09/2022,""620.31"",""620.31"",""622.37"",""618.13"","""",""-0.25%"""
"06/08/2022,""621.86"",""621.86"",""623.89"",""616.15"","""",""0.53%"""
"06/07/2022,""618.57"",""618.57"",""620.80"",""614.45"","""",""0.67%"""
"06/06/2022,""614.45"",""614.45"",""617.82"",""610.71"","""",""-0.20%"""
"06/03/2022,""615.66"",""615.66"",""621.90"",""612.61"","""",""-0.47%"""
"06/02/2022,""618.54"",""618.54"",""624.51"",""618.50"","""",""-0.55%"""
"06/01/2022,""621.96"",""621.96"",""627.27"",""617.97"","""",""0.65%"""
"05/31/2022,""617.97"",""617.97"",""622.72"",""612.92"","""",""0.82%"""
"05/30/2022,""612.92"",""612.92"",""618.05"",""611.08"","""",""-0.11%"""
"05/27/2022,""613.62"",""613.62"",""614.75"",""610.34"","""",""0.52%"""
"05/26/2022,""610.42"",""610.42"",""610.72"",""604.97"","""",""0.36%"""
"05/25/2022,""608.21"",""608.21"",""615.26"",""605.02"","""",""-1.02%"""
"05/23/2022,""614.46"",""614.46"",""618.79"",""612.35"","""",""-0.68%"""
"05/20/2022,""618.69"",""618.69"",""620.58"",""613.99"","""",""0.77%"""
"05/19/2022,""613.99"",""613.99"",""616.05"",""612.78"","""",""-0.33%"""
"05/18/2022,""616.05"",""616.05"",""618.46"",""609.43"","""",""1.09%"""
"05/17/2022,""609.43"",""609.43"",""609.53"",""600.33"","""",""1.45%"""
"05/16/2022,""600.70"",""600.70"",""602.25"",""598.05"","""",""0.18%"""
"05/13/2022,""599.63"",""599.63"",""606.23"",""599.63"","""",""-0.36%"""
"05/12/2022,""601.82"",""601.82"",""610.59"",""601.72"","""",""-1.03%"""
"05/11/2022,""608.08"",""608.08"",""611.40"",""597.41"","""",""1.26%"""
"05/10/2022,""600.53"",""600.53"",""603.95"",""596.90"","""",""-0.57%"""
"05/09/2022,""603.95"",""603.95"",""605.90"",""599.96"","""",""-0.24%"""
"05/05/2022,""605.42"",""605.42"",""605.42"",""602.52"","""",""0.48%"""
"05/04/2022,""602.52"",""602.52"",""610.32"",""601.56"","""",""-0.14%"""
"05/03/2022,""603.39"",""603.39"",""619.03"",""601.15"","""",""-2.53%"""
"04/29/2022,""619.03"",""619.03"",""619.60"",""609.75"","""",""1.39%"""
"04/28/2022,""610.55"",""610.55"",""614.41"",""610.55"","""",""-0.47%"""
"04/27/2022,""613.46"",""613.46"",""630.27"",""612.10"","""",""-2.67%"""
"04/26/2022,""630.27"",""630.27"",""635.25"",""629.33"","""",""-0.78%"""
"04/21/2022,""635.25"",""635.25"",""637.82"",""633.08"","""",""-0.24%"""
"04/20/2022,""636.79"",""636.79"",""637.27"",""627.33"","""",""-0.05%"""
"04/19/2022,""637.08"",""637.08"",""637.08"",""632.46"","""",""0.44%"""
"04/14/2022,""634.32"",""634.32"",""637.82"",""630.25"","""",""0.52%"""
"04/13/2022,""631.06"",""631.06"",""631.06"",""621.00"","""",""1.34%"""
"04/12/2022,""622.70"",""622.70"",""622.70"",""617.21"","""",""0.27%"""
"04/11/2022,""621.02"",""621.02"",""628.66"",""617.43"","""",""-1.04%"""
"04/08/2022,""627.55"",""627.55"",""629.91"",""623.70"","""",""0.62%"""
"04/07/2022,""623.70"",""623.70"",""627.90"",""622.93"","""",""-0.53%"""
"04/06/2022,""627.01"",""627.01"",""636.67"",""627.01"","""",""-1.42%"""
"04/05/2022,""636.04"",""636.04"",""641.38"",""636.04"","""",""-0.03%"""
"04/04/2022,""636.20"",""636.20"",""640.93"",""635.10"","""",""0.17%"""
"04/01/2022,""635.10"",""635.10"",""636.97"",""626.76"","""",""1.33%"""
"03/31/2022,""626.76"",""626.76"",""627.59"",""619.47"","""",""0.57%"""
"03/30/2022,""623.20"",""623.20"",""623.20"",""618.66"","""",""0.73%"""
"03/29/2022,""618.66"",""618.66"",""618.76"",""610.83"","""",""1.28%"""
"03/28/2022,""610.83"",""610.83"",""619.93"",""608.26"","""",""0.05%"""
"03/25/2022,""610.52"",""610.52"",""610.52"",""595.87"","""",""2.23%"""
"03/24/2022,""597.23"",""597.23"",""600.73"",""595.66"","""",""-0.58%"""
"03/23/2022,""600.73"",""600.73"",""603.56"",""595.80"","""",""0.60%"""
"03/22/2022,""597.16"",""597.16"",""600.10"",""595.51"","""",""-0.15%"""
"03/21/2022,""598.03"",""598.03"",""601.96"",""594.87"","""",""-0.65%"""
"03/18/2022,""601.96"",""601.96"",""603.70"",""595.67"","""",""0.91%"""
"03/17/2022,""596.56"",""596.56"",""599.71"",""588.99"","""",""1.17%"""
"03/16/2022,""589.67"",""589.67"",""593.44"",""588.15"","""",""-0.12%"""
"03/15/2022,""590.38"",""590.38"",""593.61"",""585.09"","""",""0.11%"""
"03/14/2022,""589.73"",""589.73"",""589.73"",""579.31"","""",""1.80%"""
"03/11/2022,""579.31"",""579.31"",""580.29"",""568.95"","""",""1.55%"""
"03/10/2022,""570.49"",""570.49"",""582.47"",""566.65"","""",""-1.00%"""
"03/09/2022,""576.23"",""576.23"",""576.23"",""546.49"","""",""5.29%"""
"03/08/2022,""547.27"",""547.27"",""548.34"",""538.13"","""",""1.54%"""
"03/07/2022,""538.96"",""538.96"",""574.42"",""529.00"","""",""-6.17%"""
"03/04/2022,""574.42"",""574.42"",""587.48"",""560.22"","""",""-2.22%"""
"03/02/2022,""587.48"",""587.48"",""592.93"",""584.15"","""",""-0.92%"""
"03/01/2022,""592.93"",""592.93"",""601.86"",""588.97"","""",""-0.38%"""
"02/28/2022,""595.22"",""595.22"",""607.67"",""595.22"","""",""-1.98%"""
"02/25/2022,""607.24"",""607.24"",""607.24"",""594.29"","""",""1.90%"""
"02/24/2022,""595.89"",""595.89"",""607.44"",""582.03"","""",""-1.90%"""
"02/23/2022,""607.44"",""607.44"",""615.11"",""607.44"","""",""-1.25%"""
"02/22/2022,""615.11"",""615.11"",""621.37"",""608.71"","""",""-1.01%"""
"02/21/2022,""621.37"",""621.37"",""624.19"",""617.93"","""",""-0.43%"""
"02/18/2022,""624.08"",""624.08"",""628.62"",""623.85"","""",""0.01%"""
"02/17/2022,""623.99"",""623.99"",""626.46"",""620.12"","""",""0.10%"""
"02/16/2022,""623.39"",""623.39"",""624.57"",""620.48"","""",""0.38%"""
"02/15/2022,""621.02"",""621.02"",""622.07"",""617.89"","""",""-0.17%"""
"02/14/2022,""622.07"",""622.07"",""622.80"",""613.82"","""",""-0.07%"""
"02/11/2022,""622.52"",""622.52"",""623.15"",""617.08"","""",""-0.10%"""
"02/10/2022,""623.15"",""623.15"",""630.76"",""623.15"","""",""-0.98%"""
"02/09/2022,""629.29"",""629.29"",""633.62"",""623.14"","""",""0.01%"""
"02/08/2022,""629.25"",""629.25"",""632.75"",""626.92"","""",""-0.12%"""
"02/07/2022,""630.00"",""630.00"",""630.00"",""626.52"","""",""0.56%"""
"02/04/2022,""626.52"",""626.52"",""627.80"",""621.13"","""",""0.19%"""
"02/03/2022,""625.36"",""625.36"",""627.66"",""623.82"","""",""-0.03%"""
"02/02/2022,""625.53"",""625.53"",""628.09"",""620.33"","""",""0.84%"""
"02/01/2022,""620.33"",""620.33"",""622.65"",""617.89"","""",""0.29%"""
"01/31/2022,""618.53"",""618.53"",""620.59"",""613.71"","""",""0.67%"""
"01/28/2022,""614.44"",""614.44"",""614.69"",""610.30"","""",""0.45%"""
"01/27/2022,""611.71"",""611.71"",""612.18"",""606.17"","""",""0.13%"""
"01/26/2022,""610.90"",""610.90"",""618.64"",""604.28"","""",""-0.46%"""
"01/25/2022,""613.72"",""613.72"",""614.93"",""604.79"","""",""0.62%"""
"01/24/2022,""609.94"",""609.94"",""627.18"",""605.64"","""",""-2.75%"""
"01/21/2022,""627.18"",""627.18"",""635.88"",""625.21"","""",""-1.16%"""
"01/20/2022,""634.56"",""634.56"",""638.86"",""631.58"","""",""0.47%"""
"01/19/2022,""631.58"",""631.58"",""639.36"",""628.57"","""",""-1.22%"""
"01/18/2022,""639.36"",""639.36"",""646.14"",""639.08"","""",""-1.05%"""
"01/17/2022,""646.14"",""646.14"",""647.35"",""642.65"","""",""0.39%"""
"01/14/2022,""643.66"",""643.66"",""650.68"",""634.62"","""",""-0.70%"""
"01/13/2022,""648.19"",""648.19"",""649.84"",""645.51"","""",""0.17%"""
"01/12/2022,""647.06"",""647.06"",""652.62"",""637.35"","""",""-0.56%"""
"01/11/2022,""650.71"",""650.71"",""652.67"",""646.94"","""",""0.33%"""
"01/10/2022,""648.57"",""648.57"",""649.50"",""643.93"","""",""0.21%"""
"01/07/2022,""647.18"",""647.18"",""649.13"",""644.62"","""",""0.03%"""
"01/06/2022,""646.97"",""646.97"",""646.97"",""642.04"","""",""0.51%"""
"01/05/2022,""643.67"",""643.67"",""643.67"",""633.49"","""",""1.39%"""
"01/04/2022,""634.82"",""634.82"",""638.74"",""626.50"","""",""-0.14%"""
"12/30/2021,""635.68"",""635.68"",""641.60"",""627.34"","""",""-0.87%"""
"12/29/2021,""641.24"",""641.24"",""641.24"",""631.04"","""",""1.25%"""
"12/23/2021,""633.31"",""633.31"",""635.81"",""630.85"","""",""0.32%"""
"12/22/2021,""631.27"",""631.27"",""637.16"",""630.41"","""",""-0.68%"""
"12/21/2021,""635.57"",""635.57"",""635.88"",""630.05"","""",""0.59%"""
"12/20/2021,""631.87"",""631.87"",""631.87"",""613.65"","""",""1.99%"""
"12/17/2021,""619.55"",""619.55"",""625.69"",""616.50"","""",""-0.45%"""
"12/16/2021,""622.32"",""622.32"",""622.32"",""607.04"","""",""2.31%"""
"12/15/2021,""608.28"",""608.28"",""608.92"",""601.02"","""",""0.05%"""
"12/14/2021,""607.97"",""607.97"",""610.98"",""599.64"","""",""-0.25%"""
"12/13/2021,""609.48"",""609.48"",""615.79"",""609.48"","""",""-0.63%"""
"12/10/2021,""613.34"",""613.34"",""620.39"",""612.59"","""",""-1.14%"""
"12/09/2021,""620.39"",""620.39"",""624.32"",""616.29"","""",""-0.22%"""
"12/08/2021,""621.73"",""621.73"",""627.77"",""617.81"","""",""-0.87%"""
"12/07/2021,""627.19"",""627.19"",""631.16"",""622.25"","""",""0.41%"""
"12/06/2021,""624.64"",""624.64"",""625.22"",""616.73"","""",""0.02%"""
"12/03/2021,""624.54"",""624.54"",""625.27"",""619.78"","""",""0.75%"""
"12/02/2021,""619.87"",""619.87"",""621.16"",""610.81"","""",""0.50%"""
"12/01/2021,""616.80"",""616.80"",""622.72"",""612.04"","""",""-0.95%"""
"11/30/2021,""622.72"",""622.72"",""622.72"",""613.62"","""",""0.08%"""
"11/29/2021,""622.22"",""622.22"",""624.27"",""615.99"","""",""0.61%"""
"11/26/2021,""618.47"",""618.47"",""627.19"",""616.22"","""",""-1.39%"""
"11/25/2021,""627.19"",""627.19"",""628.33"",""618.13"","""",""0.99%"""
"11/24/2021,""621.07"",""621.07"",""629.07"",""620.92"","""",""-0.43%"""
"11/23/2021,""623.78"",""623.78"",""626.04"",""620.42"","""",""0.39%"""
"11/22/2021,""621.35"",""621.35"",""625.94"",""611.44"","""",""1.51%"""
"11/19/2021,""612.08"",""612.08"",""614.29"",""601.34"","""",""1.25%"""
"11/18/2021,""604.52"",""604.52"",""608.86"",""603.75"","""",""-0.67%"""
"11/17/2021,""608.61"",""608.61"",""612.13"",""605.58"","""",""-0.43%"""
"11/16/2021,""611.23"",""611.23"",""611.23"",""599.72"","""",""0.85%"""
"11/15/2021,""606.08"",""606.08"",""610.27"",""603.95"","""",""-0.41%"""
"11/12/2021,""608.55"",""608.55"",""608.55"",""600.25"","""",""0.94%"""
"11/11/2021,""602.87"",""602.87"",""605.79"",""598.62"","""",""-0.14%"""
"11/10/2021,""603.70"",""603.70"",""604.40"",""598.15"","""",""0.82%"""
"11/09/2021,""598.77"",""598.77"",""603.18"",""593.30"","""",""-0.44%"""
"11/08/2021,""601.44"",""601.44"",""605.01"",""598.59"","""",""-0.40%"""
"11/05/2021,""603.84"",""603.84"",""607.16"",""599.69"","""",""0.69%"""
"11/04/2021,""599.69"",""599.69"",""602.57"",""596.87"","""",""0.14%"""
"11/03/2021,""598.86"",""598.86"",""598.86"",""587.40"","""",""1.46%"""
"11/02/2021,""590.22"",""590.22"",""590.34"",""583.28"","""",""1.19%"""
"11/01/2021,""583.28"",""583.28"",""585.90"",""579.33"","""",""-0.11%"""
"10/29/2021,""583.95"",""583.95"",""583.95"",""577.36"","""",""1.14%"""
"10/28/2021,""577.36"",""577.36"",""577.71"",""574.83"","""",""0.30%"""
"10/27/2021,""575.61"",""575.61"",""575.78"",""565.06"","""",""0.65%"""
"10/26/2021,""571.90"",""571.90"",""573.69"",""568.06"","""",""0.04%"""
"10/25/2021,""571.66"",""571.66"",""581.15"",""570.13"","""",""-0.54%"""
"10/22/2021,""574.78"",""574.78"",""576.93"",""573.22"","""",""-0.23%"""
"10/21/2021,""576.10"",""576.10"",""578.07"",""571.81"","""",""0.60%"""
"10/20/2021,""572.66"",""572.66"",""581.18"",""571.19"","""",""-1.47%"""
"10/19/2021,""581.18"",""581.18"",""581.31"",""576.23"","""",""0.43%"""
"10/18/2021,""578.72"",""578.72"",""579.26"",""574.94"","""",""0.66%"""
"10/15/2021,""574.94"",""574.94"",""575.12"",""572.18"","""",""0.34%"""
"10/14/2021,""572.99"",""572.99"",""573.37"",""568.18"","""",""0.07%"""
"10/13/2021,""572.57"",""572.57"",""573.65"",""567.22"","""",""0.58%"""
"10/12/2021,""569.25"",""569.25"",""570.64"",""567.19"","""",""-0.24%"""
"10/11/2021,""570.64"",""570.64"",""573.99"",""569.29"","""",""-0.23%"""
"10/08/2021,""571.93"",""571.93"",""571.93"",""566.84"","""",""0.90%"""
"10/07/2021,""566.84"",""566.84"",""574.33"",""565.63"","""",""-1.09%"""
"10/06/2021,""573.06"",""573.06"",""577.70"",""571.37"","""",""-0.09%"""
"10/05/2021,""573.55"",""573.55"",""573.76"",""568.18"","""",""0.50%"""
"10/04/2021,""570.68"",""570.68"",""581.79"",""569.64"","""",""-1.91%"""
"10/01/2021,""581.79"",""581.79"",""586.62"",""581.79"","""",""-0.61%"""
"09/30/2021,""585.36"",""585.36"",""586.32"",""579.16"","""",""0.79%"""
"09/29/2021,""580.76"",""580.76"",""581.44"",""569.31"","""",""1.87%"""
"09/28/2021,""570.10"",""570.10"",""578.84"",""569.78"","""",""-0.30%"""
"09/27/2021,""571.80"",""571.80"",""572.83"",""564.03"","""",""1.38%"""
"09/24/2021,""564.03"",""564.03"",""564.03"",""560.18"","""",""0.44%"""
"09/23/2021,""561.58"",""561.58"",""562.20"",""557.51"","""",""0.15%"""
"09/21/2021,""560.72"",""560.72"",""561.52"",""553.69"","""",""1.27%"""
"09/20/2021,""553.69"",""553.69"",""556.80"",""552.79"","""",""-0.49%"""
"09/17/2021,""556.43"",""556.43"",""562.89"",""556.43"","""",""-0.97%"""
"09/16/2021,""561.86"",""561.86"",""566.90"",""560.94"","""",""-0.89%"""
"09/15/2021,""566.90"",""566.90"",""567.17"",""559.92"","""",""0.15%"""
"09/14/2021,""566.07"",""566.07"",""566.34"",""562.85"","""",""0.04%"""
"09/13/2021,""565.83"",""565.83"",""567.45"",""563.08"","""",""0.49%"""
"09/10/2021,""563.08"",""563.08"",""566.36"",""561.83"","""",""-0.54%"""
"09/09/2021,""566.12"",""566.12"",""566.87"",""563.45"","""",""0.12%"""
"09/08/2021,""565.43"",""565.43"",""565.71"",""562.09"","""",""0.01%"""
"09/07/2021,""565.40"",""565.40"",""565.85"",""560.19"","""",""0.84%"""
"09/03/2021,""560.71"",""560.71"",""565.31"",""560.71"","""",""-0.37%"""
"09/02/2021,""562.77"",""562.77"",""568.31"",""562.77"","""",""-0.41%"""
"09/01/2021,""565.11"",""565.11"",""567.34"",""562.55"","""",""-0.17%"""
"08/31/2021,""566.10"",""566.10"",""572.52"",""563.45"","""",""-1.12%"""
"08/30/2021,""572.52"",""572.52"",""573.45"",""566.60"","""",""0.48%"""
"08/27/2021,""569.80"",""569.80"",""572.29"",""565.65"","""",""-0.31%"""
"08/26/2021,""571.59"",""571.59"",""571.59"",""567.49"","""",""0.16%"""
"08/25/2021,""570.68"",""570.68"",""575.78"",""569.75"","""",""-0.47%"""
"08/24/2021,""573.39"",""573.39"",""573.39"",""565.93"","""",""1.32%"""
"08/23/2021,""565.93"",""565.93"",""572.43"",""565.93"","""",""-1.14%"""
"08/20/2021,""572.43"",""572.43"",""576.49"",""572.21"","""",""-0.54%"""
"08/19/2021,""575.55"",""575.55"",""579.67"",""569.10"","""",""-0.71%"""
"08/18/2021,""579.67"",""579.67"",""579.78"",""569.49"","""",""1.36%"""
"08/17/2021,""571.90"",""571.90"",""583.37"",""567.43"","""",""-1.97%"""
"08/16/2021,""583.37"",""583.37"",""586.75"",""581.81"","""",""0.13%"""
"08/13/2021,""582.59"",""582.59"",""585.24"",""581.04"","""",""-0.18%"""
"08/12/2021,""583.64"",""583.64"",""583.64"",""578.77"","""",""0.71%"""
"08/11/2021,""579.50"",""579.50"",""581.90"",""578.18"","""",""-0.08%"""
"08/10/2021,""579.99"",""579.99"",""581.20"",""578.50"","""",""-0.15%"""
"08/09/2021,""580.86"",""580.86"",""581.09"",""575.71"","""",""0.10%"""
"08/06/2021,""580.27"",""580.27"",""581.14"",""577.23"","""",""0.33%"""
"08/05/2021,""578.38"",""578.38"",""578.43"",""573.14"","""",""0.87%"""
"08/04/2021,""573.39"",""573.39"",""575.63"",""572.78"","""",""-0.39%"""
"08/03/2021,""575.63"",""575.63"",""575.63"",""570.15"","""",""0.52%"""
"08/02/2021,""572.65"",""572.65"",""573.30"",""570.44"","""",""0.39%"""
"07/30/2021,""570.44"",""570.44"",""572.27"",""569.49"","""",""-0.08%"""
"07/29/2021,""570.87"",""570.87"",""572.34"",""568.81"","""",""-0.24%"""
"07/28/2021,""572.22"",""572.22"",""572.55"",""563.76"","""",""1.50%"""
"07/27/2021,""563.76"",""563.76"",""568.39"",""563.47"","""",""-0.81%"""
"07/26/2021,""568.39"",""568.39"",""568.39"",""564.53"","""",""0.64%"""
"07/23/2021,""564.77"",""564.77"",""565.15"",""559.12"","""",""0.86%"""
"07/22/2021,""559.95"",""559.95"",""566.60"",""559.95"","""",""-0.57%"""
"07/21/2021,""563.18"",""563.18"",""567.03"",""561.82"","""",""-0.12%"""
"07/20/2021,""563.86"",""563.86"",""566.70"",""562.79"","""",""0.11%"""
"07/19/2021,""563.26"",""563.26"",""569.29"",""563.11"","""",""-0.49%"""
"07/16/2021,""566.04"",""566.04"",""566.63"",""564.04"","""",""0.33%"""
"07/15/2021,""564.18"",""564.18"",""565.86"",""563.00"","""",""0.14%"""
"07/14/2021,""563.40"",""563.40"",""567.39"",""561.35"","""",""-0.43%"""
"07/13/2021,""565.86"",""565.86"",""566.48"",""562.46"","""",""0.35%"""
"07/12/2021,""563.91"",""563.91"",""563.91"",""560.30"","""",""0.47%"""
"07/09/2021,""561.27"",""561.27"",""567.26"",""555.09"","""",""1.11%"""
"07/08/2021,""555.09"",""555.09"",""557.46"",""553.86"","""",""0.22%"""
"07/07/2021,""553.86"",""553.86"",""554.21"",""548.43"","""",""0.99%"""
"07/06/2021,""548.43"",""548.43"",""552.21"",""543.88"","""",""-0.65%"""
"07/05/2021,""552.02"",""552.02"",""552.02"",""543.01"","""",""0.23%"""
"07/02/2021,""550.76"",""550.76"",""556.43"",""550.70"","""",""-0.87%"""
"07/01/2021,""555.62"",""555.62"",""557.69"",""554.72"","""",""-0.37%"""
"06/30/2021,""557.69"",""557.69"",""557.69"",""549.61"","""",""1.33%"""
"06/29/2021,""550.36"",""550.36"",""556.50"",""550.36"","""",""-1.04%"""
"06/28/2021,""556.14"",""556.14"",""556.34"",""551.78"","""",""0.02%"""
"06/25/2021,""556.03"",""556.03"",""558.24"",""554.54"","""",""0.27%"""
"06/24/2021,""554.54"",""554.54"",""558.39"",""550.18"","""",""0.79%"""
"06/23/2021,""550.18"",""550.18"",""557.96"",""548.83"","""",""-0.01%"""
"06/22/2021,""550.21"",""550.21"",""558.94"",""550.21"","""",""-1.37%"""
"06/21/2021,""557.84"",""557.84"",""557.84"",""551.89"","""",""1.08%"""
"06/18/2021,""551.89"",""551.89"",""551.89"",""548.58"","""",""0.21%"""
"06/17/2021,""550.74"",""550.74"",""551.32"",""548.00"","""",""0.50%"""
"06/16/2021,""548.00"",""548.00"",""549.99"",""546.90"","""",""0.11%"""
"06/15/2021,""547.41"",""547.41"",""551.10"",""543.97"","""",""0.50%"""
"06/14/2021,""544.70"",""544.70"",""547.44"",""541.86"","""",""0.41%"""
"06/11/2021,""542.48"",""542.48"",""545.60"",""541.56"","""",""0.17%"""
"06/10/2021,""541.56"",""541.56"",""542.53"",""536.83"","""",""0.64%"""
"06/09/2021,""538.12"",""538.12"",""538.74"",""533.55"","""",""0.55%"""
"06/08/2021,""535.17"",""535.17"",""538.93"",""535.17"","""",""-0.19%"""
"06/07/2021,""536.20"",""536.20"",""541.23"",""536.20"","""",""-0.82%"""
"06/04/2021,""540.64"",""540.64"",""541.89"",""538.33"","""",""-0.12%"""
"06/03/2021,""541.27"",""541.27"",""542.08"",""534.77"","""",""1.22%"""
"06/02/2021,""534.77"",""534.77"",""535.18"",""529.43"","""",""0.97%"""
"06/01/2021,""529.62"",""529.62"",""529.91"",""525.89"","""",""0.38%"""
"05/31/2021,""527.61"",""527.61"",""528.87"",""526.06"","""",""-0.19%"""
"05/28/2021,""528.59"",""528.59"",""531.57"",""527.46"","""",""-0.56%"""
"05/27/2021,""531.57"",""531.57"",""533.38"",""530.15"","""",""-0.06%"""
"05/26/2021,""531.89"",""531.89"",""533.64"",""529.75"","""",""-0.12%"""
"05/25/2021,""532.52"",""532.52"",""534.56"",""531.27"","""",""-0.29%"""
"05/21/2021,""534.08"",""534.08"",""534.08"",""524.30"","""",""1.84%"""
"05/20/2021,""524.43"",""524.43"",""525.61"",""521.90"","""",""-0.01%"""
"05/19/2021,""524.50"",""524.50"",""525.36"",""519.93"","""",""0.88%"""
"05/18/2021,""519.93"",""519.93"",""521.64"",""519.54"","""",""-0.20%"""
"05/17/2021,""520.95"",""520.95"",""524.33"",""517.44"","""",""-0.28%"""
"05/14/2021,""522.39"",""522.39"",""522.39"",""517.97"","""",""0.48%"""
"05/13/2021,""519.91"",""519.91"",""519.91"",""515.85"","""",""0.43%"""
"05/12/2021,""517.68"",""517.68"",""518.46"",""514.52"","""",""0.45%"""
"05/11/2021,""515.34"",""515.34"",""520.74"",""514.37"","""",""-0.87%"""
"05/10/2021,""519.87"",""519.87"",""520.63"",""517.25"","""",""0.35%"""
"05/07/2021,""518.05"",""518.05"",""522.74"",""516.63"","""",""-0.90%"""
"05/05/2021,""522.74"",""522.74"",""523.47"",""521.76"","""",""0.07%"""
"04/29/2021,""522.39"",""522.39"",""524.72"",""520.10"","""",""-0.30%"""
"04/28/2021,""523.94"",""523.94"",""523.94"",""519.91"","""",""0.29%"""
"04/27/2021,""522.41"",""522.41"",""523.84"",""519.48"","""",""0.49%"""
"04/26/2021,""519.88"",""519.88"",""522.27"",""519.40"","""",""-0.01%"""
"04/23/2021,""519.93"",""519.93"",""519.93"",""517.12"","""",""0.14%"""
"04/22/2021,""519.18"",""519.18"",""521.70"",""518.57"","""",""-0.48%"""
"04/21/2021,""521.70"",""521.70"",""522.55"",""518.84"","""",""0.03%"""
"04/20/2021,""521.54"",""521.54"",""523.56"",""520.57"","""",""0.19%"""
"04/19/2021,""520.57"",""520.57"",""521.48"",""513.57"","""",""1.35%"""
"04/16/2021,""513.66"",""513.66"",""516.12"",""513.09"","""",""-0.12%"""
"04/15/2021,""514.30"",""514.30"",""514.30"",""505.75"","""",""1.58%"""
"04/14/2021,""506.32"",""506.32"",""508.53"",""504.50"","""",""-0.04%"""
"04/13/2021,""506.50"",""506.50"",""509.94"",""504.98"","""",""-0.27%"""
"04/12/2021,""507.86"",""507.86"",""508.23"",""502.32"","""",""0.71%"""
"04/09/2021,""504.28"",""504.28"",""509.70"",""503.10"","""",""-0.86%"""
"04/08/2021,""508.66"",""508.66"",""509.03"",""502.44"","""",""0.97%"""
"04/07/2021,""503.78"",""503.78"",""505.09"",""500.88"","""",""0.45%"""
"04/06/2021,""501.51"",""501.51"",""501.58"",""497.43"","""",""0.31%"""
"04/01/2021,""499.98"",""499.98"",""502.37"",""499.11"","""",""-0.46%"""
"03/31/2021,""502.28"",""502.28"",""502.28"",""499.34"","""",""0.45%"""
"03/30/2021,""500.02"",""500.02"",""501.71"",""496.85"","""",""-0.04%"""
"03/29/2021,""500.24"",""500.24"",""501.68"",""496.23"","""",""0.07%"""
"03/26/2021,""499.91"",""499.91"",""499.91"",""493.47"","""",""0.88%"""
"03/25/2021,""495.55"",""495.55"",""495.90"",""492.43"","""",""0.25%"""
"03/24/2021,""494.29"",""494.29"",""494.53"",""490.78"","""",""0.33%"""
"03/23/2021,""492.68"",""492.68"",""493.14"",""489.98"","""",""0.47%"""
"03/22/2021,""490.36"",""490.36"",""491.93"",""490.36"","""",""-0.14%"""
"03/19/2021,""491.03"",""491.03"",""493.48"",""489.87"","""",""-0.50%"""
"03/18/2021,""493.48"",""493.48"",""495.94"",""492.26"","""",""-0.07%"""
"03/17/2021,""493.84"",""493.84"",""494.26"",""491.55"","""",""0.47%"""
"03/16/2021,""491.55"",""491.55"",""492.71"",""487.77"","""",""0.63%"""
"03/15/2021,""488.47"",""488.47"",""492.66"",""486.57"","""",""-0.57%"""
"03/12/2021,""491.26"",""491.26"",""492.44"",""490.12"","""",""-0.24%"""
"03/11/2021,""492.44"",""492.44"",""492.82"",""487.34"","""",""1.02%"""
"03/10/2021,""487.49"",""487.49"",""490.32"",""486.90"","""",""-0.11%"""
"03/09/2021,""488.05"",""488.05"",""494.08"",""487.06"","""",""-1.22%"""
"03/08/2021,""494.08"",""494.08"",""494.57"",""491.44"","""",""0.06%"""
"03/05/2021,""493.78"",""493.78"",""495.18"",""491.21"","""",""-0.28%"""
"03/04/2021,""495.18"",""495.18"",""498.53"",""491.10"","""",""-0.67%"""
"03/02/2021,""498.53"",""498.53"",""502.34"",""497.25"","""",""-0.76%"""
"03/01/2021,""502.34"",""502.34"",""502.34"",""495.58"","""",""1.36%"""
"02/26/2021,""495.58"",""495.58"",""498.31"",""495.58"","""",""-0.47%"""
"02/25/2021,""497.92"",""497.92"",""498.32"",""494.36"","""",""-0.02%"""
"02/24/2021,""498.02"",""498.02"",""499.60"",""495.30"","""",""0.07%"""
"02/23/2021,""497.65"",""497.65"",""501.29"",""494.22"","""",""-0.16%"""
"02/22/2021,""498.45"",""498.45"",""501.36"",""497.20"","""",""-0.58%"""
"02/19/2021,""501.36"",""501.36"",""501.50"",""498.43"","""",""0.17%"""
"02/18/2021,""500.53"",""500.53"",""501.61"",""498.52"","""",""0.15%"""
"02/17/2021,""499.76"",""499.76"",""499.99"",""498.10"","""",""0.13%"""
"02/16/2021,""499.09"",""499.09"",""499.09"",""494.79"","""",""0.87%"""
"02/15/2021,""494.79"",""494.79"",""498.80"",""490.32"","""",""-0.39%"""
"02/12/2021,""496.75"",""496.75"",""497.32"",""491.21"","""",""1.13%"""
"02/11/2021,""491.21"",""491.21"",""496.68"",""489.94"","""",""-0.63%"""
"02/10/2021,""494.34"",""494.34"",""497.45"",""493.23"","""",""-0.39%"""
"02/09/2021,""496.30"",""496.30"",""496.30"",""492.61"","""",""0.39%"""
"02/08/2021,""494.39"",""494.39"",""496.75"",""494.39"","""",""-0.02%"""
"02/05/2021,""494.51"",""494.51"",""498.66"",""492.93"","""",""-0.77%"""
"02/04/2021,""498.34"",""498.34"",""504.06"",""491.70"","""",""-0.83%"""
"02/03/2021,""502.50"",""502.50"",""502.96"",""500.30"","""",""0.44%"""
"02/02/2021,""500.30"",""500.30"",""500.78"",""496.02"","""",""0.59%"""
"02/01/2021,""497.38"",""497.38"",""499.38"",""495.81"","""",""-0.40%"""
"01/29/2021,""499.38"",""499.38"",""502.31"",""497.43"","""",""0.10%"""
"01/28/2021,""498.90"",""498.90"",""506.98"",""498.90"","""",""-1.59%"""
"01/27/2021,""506.98"",""506.98"",""507.17"",""504.23"","""",""0.45%"""
"01/26/2021,""504.69"",""504.69"",""506.25"",""503.03"","""",""0.26%"""
"01/25/2021,""503.37"",""503.37"",""504.51"",""501.25"","""",""0.21%"""
"01/22/2021,""502.30"",""502.30"",""502.30"",""481.27"","""",""0.49%"""
"01/21/2021,""499.85"",""499.85"",""500.01"",""488.73"","""",""2.28%"""
"01/20/2021,""488.73"",""488.73"",""496.27"",""475.89"","""",""2.47%"""
"01/19/2021,""476.94"",""476.94"",""477.49"",""470.35"","""",""1.40%"""
"01/18/2021,""470.35"",""470.35"",""470.55"",""464.88"","""",""1.00%"""
"01/15/2021,""465.71"",""465.71"",""466.72"",""457.40"","""",""1.82%"""
"01/14/2021,""457.40"",""457.40"",""457.40"",""453.82"","""",""0.58%"""
"01/13/2021,""454.77"",""454.77"",""454.77"",""452.14"","""",""0.50%"""
"01/12/2021,""452.50"",""452.50"",""457.64"",""452.50"","""",""-0.31%"""
"01/11/2021,""453.92"",""453.92"",""453.92"",""450.20"","""",""0.58%"""
"01/08/2021,""451.31"",""451.31"",""452.31"",""449.02"","""",""0.32%"""
"01/07/2021,""449.88"",""449.88"",""451.16"",""446.73"","""",""0.54%"""
"01/06/2021,""447.45"",""447.45"",""449.69"",""446.97"","""",""-0.45%"""
"01/05/2021,""449.47"",""449.47"",""449.69"",""446.23"","""",""0.57%"""
"01/04/2021,""446.94"",""446.94"",""448.55"",""443.54"","""",""-0.13%"""
"12/30/2020,""447.53"",""447.53"",""448.93"",""446.36"","""",""0.17%"""
"12/29/2020,""446.79"",""446.79"",""447.22"",""443.29"","""",""0.48%"""
"12/23/2020,""444.67"",""444.67"",""445.30"",""441.82"","""",""0.35%"""
"12/22/2020,""443.12"",""443.12"",""443.55"",""440.34"","""",""0.30%"""
"12/21/2020,""441.78"",""441.78"",""443.48"",""438.86"","""",""-0.12%"""
"12/18/2020,""442.30"",""442.30"",""442.30"",""436.69"","""",""0.62%"""
"12/17/2020,""439.59"",""439.59"",""441.74"",""438.23"","""",""-0.07%"""
"12/16/2020,""439.89"",""439.89"",""439.89"",""435.91"","""",""0.50%"""
"12/15/2020,""437.68"",""437.68"",""438.67"",""434.79"","""",""-0.13%"""
"12/14/2020,""438.26"",""438.26"",""439.68"",""435.88"","""",""-0.04%"""
"12/11/2020,""438.45"",""438.45"",""440.44"",""434.61"","""",""0.38%"""
"12/10/2020,""436.78"",""436.78"",""437.99"",""435.24"","""",""-0.15%"""
"12/09/2020,""437.44"",""437.44"",""437.44"",""433.92"","""",""0.49%"""
"12/08/2020,""435.29"",""435.29"",""437.52"",""431.07"","""",""0.49%"""
"12/07/2020,""433.18"",""433.18"",""433.18"",""427.11"","""",""0.92%"""
"12/04/2020,""429.25"",""429.25"",""429.66"",""426.49"","""",""0.55%"""
"12/03/2020,""426.91"",""426.91"",""428.04"",""425.10"","""",""-0.09%"""
"12/02/2020,""427.28"",""427.28"",""430.49"",""425.21"","""",""-0.14%"""
"12/01/2020,""427.87"",""427.87"",""427.87"",""420.98"","""",""1.07%"""
"11/30/2020,""423.33"",""423.33"",""425.92"",""422.62"","""",""-0.56%"""
"11/27/2020,""425.70"",""425.70"",""425.70"",""423.92"","""",""0.25%"""
"11/26/2020,""424.62"",""424.62"",""425.90"",""422.15"","""",""0.53%"""
"11/25/2020,""422.39"",""422.39"",""425.50"",""421.53"","""",""-0.58%"""
"11/24/2020,""424.87"",""424.87"",""424.87"",""419.02"","""",""0.11%"""
"11/23/2020,""424.42"",""424.42"",""427.67"",""422.43"","""",""-0.46%"""
"11/20/2020,""426.40"",""426.40"",""426.55"",""422.59"","""",""0.84%"""
"11/19/2020,""422.86"",""422.86"",""425.66"",""421.22"","""",""-0.66%"""
"11/18/2020,""425.66"",""425.66"",""426.53"",""425.07"","""",""0.00%"""
"11/17/2020,""425.65"",""425.65"",""425.65"",""422.23"","""",""0.66%"""
"11/16/2020,""422.84"",""422.84"",""426.64"",""422.21"","""",""-0.65%"""
"11/13/2020,""425.62"",""425.62"",""428.07"",""425.13"","""",""-0.57%"""
"11/12/2020,""428.07"",""428.07"",""429.01"",""426.26"","""",""-0.13%"""
"11/11/2020,""428.63"",""428.63"",""429.16"",""427.26"","""",""0.00%"""
"11/10/2020,""428.62"",""428.62"",""428.75"",""424.29"","""",""0.62%"""
"11/09/2020,""425.96"",""425.96"",""428.06"",""423.46"","""",""0.24%"""
"11/06/2020,""424.94"",""424.94"",""425.97"",""423.74"","""",""-0.23%"""
"11/05/2020,""425.91"",""425.91"",""428.82"",""425.55"","""",""-0.42%"""
"11/04/2020,""427.69"",""427.69"",""428.34"",""426.98"","""",""0.08%"""
"11/03/2020,""427.36"",""427.36"",""429.77"",""425.17"","""",""-0.47%"""
"11/02/2020,""429.38"",""429.38"",""430.14"",""426.69"","""",""0.34%"""
"10/30/2020,""427.94"",""427.94"",""427.94"",""423.95"","""",""0.91%"""
"10/29/2020,""424.09"",""424.09"",""425.00"",""420.72"","""",""0.09%"""
"10/28/2020,""423.69"",""423.69"",""426.68"",""422.83"","""",""-0.64%"""
"10/27/2020,""426.40"",""426.40"",""429.97"",""425.64"","""",""-0.77%"""
"10/26/2020,""429.72"",""429.72"",""430.70"",""426.87"","""",""0.62%"""
"10/23/2020,""427.07"",""427.07"",""429.81"",""427.07"","""",""-0.60%"""
"10/22/2020,""429.66"",""429.66"",""429.90"",""427.40"","""",""0.39%"""
"10/21/2020,""428.00"",""428.00"",""428.16"",""425.32"","""",""-0.02%"""
"10/20/2020,""428.07"",""428.07"",""429.03"",""427.60"","""",""-0.21%"""
"10/19/2020,""428.97"",""428.97"",""430.24"",""428.20"","""",""-0.20%"""
"10/16/2020,""429.83"",""429.83"",""429.83"",""425.35"","""",""1.05%"""
"10/15/2020,""425.35"",""425.35"",""426.22"",""424.46"","""",""-0.14%"""
"10/14/2020,""425.96"",""425.96"",""426.10"",""422.50"","""",""0.35%"""
"10/13/2020,""424.46"",""424.46"",""427.97"",""421.95"","""",""-0.35%"""
"10/12/2020,""425.93"",""425.93"",""426.37"",""422.80"","""",""0.63%"""
"10/09/2020,""423.27"",""423.27"",""425.19"",""421.65"","""",""0.38%"""
"10/08/2020,""421.65"",""421.65"",""423.46"",""421.05"","""",""-0.08%"""
"10/07/2020,""422.00"",""422.00"",""422.19"",""420.90"","""",""-0.05%"""
"10/06/2020,""422.19"",""422.19"",""422.25"",""421.91"","""",""0.07%"""
"10/05/2020,""421.91"",""421.91"",""422.36"",""419.77"","""",""0.38%"""
"10/02/2020,""420.33"",""420.33"",""425.63"",""419.67"","""",""-1.25%"""
"10/01/2020,""425.63"",""425.63"",""428.31"",""425.54"","""",""-0.45%"""
"09/30/2020,""427.55"",""427.55"",""427.86"",""424.26"","""",""0.15%"""
"09/29/2020,""426.90"",""426.90"",""427.43"",""423.92"","""",""0.11%"""
"09/28/2020,""426.43"",""426.43"",""426.50"",""422.50"","""",""0.91%"""
"09/25/2020,""422.58"",""422.58"",""425.21"",""421.05"","""",""-0.62%"""
"09/24/2020,""425.21"",""425.21"",""425.44"",""423.98"","""",""0.02%"""
"09/23/2020,""425.11"",""425.11"",""426.36"",""423.31"","""",""0.36%"""
"09/21/2020,""423.59"",""423.59"",""425.20"",""421.05"","""",""-0.32%"""
"09/18/2020,""424.97"",""424.97"",""430.19"",""424.97"","""",""-1.08%"""
"09/17/2020,""429.60"",""429.60"",""430.87"",""428.65"","""",""-0.05%"""
"09/16/2020,""429.81"",""429.81"",""430.66"",""428.95"","""",""-0.20%"""
"09/15/2020,""430.66"",""430.66"",""431.02"",""428.75"","""",""-0.06%"""
"09/14/2020,""430.91"",""430.91"",""431.95"",""429.99"","""",""-0.24%"""
"09/11/2020,""431.95"",""431.95"",""431.95"",""430.09"","""",""0.33%"""
"09/10/2020,""430.51"",""430.51"",""435.54"",""428.97"","""",""-1.05%"""
"09/09/2020,""435.07"",""435.07"",""435.21"",""433.87"","""",""0.19%"""
"09/08/2020,""434.26"",""434.26"",""435.11"",""430.62"","""",""-0.20%"""
"09/04/2020,""435.11"",""435.11"",""435.73"",""433.29"","""",""0.08%"""
"09/03/2020,""434.77"",""434.77"",""434.92"",""431.52"","""",""0.70%"""
"09/02/2020,""431.75"",""431.75"",""434.02"",""429.98"","""",""0.20%"""
"09/01/2020,""430.87"",""430.87"",""435.52"",""430.87"","""",""-0.77%"""
"08/31/2020,""434.21"",""434.21"",""434.21"",""431.15"","""",""0.39%"""
"08/28/2020,""432.51"",""432.51"",""432.71"",""428.77"","""",""0.38%"""
"08/27/2020,""430.86"",""430.86"",""437.61"",""429.46"","""",""-1.54%"""
"08/26/2020,""437.61"",""437.61"",""437.61"",""433.71"","""",""0.90%"""
"08/25/2020,""433.71"",""433.71"",""437.27"",""432.04"","""",""-0.34%"""
"08/24/2020,""435.17"",""435.17"",""436.05"",""433.90"","""",""0.01%"""
"08/21/2020,""435.14"",""435.14"",""437.37"",""434.09"","""",""-0.15%"""
"08/20/2020,""435.81"",""435.81"",""438.54"",""434.40"","""",""0.31%"""
"08/19/2020,""434.46"",""434.46"",""434.50"",""433.41"","""",""0.24%"""
"08/18/2020,""433.44"",""433.44"",""433.74"",""433.02"","""",""-0.04%"""
"08/17/2020,""433.61"",""433.61"",""433.71"",""432.06"","""",""0.09%"""
"08/14/2020,""433.21"",""433.21"",""435.61"",""433.21"","""",""-0.55%"""
"08/13/2020,""435.61"",""435.61"",""437.06"",""433.94"","""",""0.00%"""
"08/12/2020,""435.59"",""435.59"",""436.15"",""434.51"","""",""-0.01%"""
"08/11/2020,""435.62"",""435.62"",""435.62"",""431.99"","""",""0.84%"""
"08/10/2020,""431.99"",""431.99"",""432.04"",""429.53"","""",""0.26%"""
"08/07/2020,""430.87"",""430.87"",""434.71"",""430.08"","""",""-0.51%"""
"08/06/2020,""433.08"",""433.08"",""434.87"",""432.28"","""",""-0.34%"""
"08/05/2020,""434.56"",""434.56"",""436.91"",""431.61"","""",""-0.54%"""
"08/04/2020,""436.91"",""436.91"",""437.24"",""435.05"","""",""0.07%"""
"08/03/2020,""436.59"",""436.59"",""437.61"",""436.31"","""",""0.03%"""
"07/31/2020,""436.45"",""436.45"",""440.59"",""436.07"","""",""-0.72%"""
"07/30/2020,""439.60"",""439.60"",""441.76"",""438.16"","""",""0.33%"""
"07/29/2020,""438.16"",""438.16"",""438.64"",""437.69"","""",""-0.01%"""
"07/28/2020,""438.22"",""438.22"",""440.35"",""437.94"","""",""-0.38%"""
"07/27/2020,""439.88"",""439.88"",""441.78"",""439.87"","""",""-0.07%"""
"07/24/2020,""440.18"",""440.18"",""440.63"",""438.34"","""",""-0.10%"""
"07/23/2020,""440.63"",""440.63"",""440.63"",""437.88"","""",""0.21%"""
"07/22/2020,""439.71"",""439.71"",""441.60"",""438.14"","""",""-0.40%"""
"07/21/2020,""441.46"",""441.46"",""442.02"",""441.00"","""",""-0.13%"""
"07/20/2020,""442.02"",""442.02"",""442.27"",""440.92"","""",""-0.06%"""
"07/17/2020,""442.27"",""442.27"",""445.43"",""441.62"","""",""-0.56%"""
"07/16/2020,""444.77"",""444.77"",""444.77"",""441.60"","""",""0.59%"""
"07/15/2020,""442.17"",""442.17"",""445.27"",""441.04"","""",""0.19%"""
"07/14/2020,""441.32"",""441.32"",""444.25"",""441.28"","""",""-0.54%"""
"07/13/2020,""443.73"",""443.73"",""444.57"",""440.98"","""",""-0.11%"""
"07/10/2020,""444.23"",""444.23"",""446.22"",""443.41"","""",""-0.29%"""
"07/09/2020,""445.52"",""445.52"",""448.99"",""444.02"","""",""-0.60%"""
"07/08/2020,""448.19"",""448.19"",""450.48"",""446.22"","""",""0.44%"""
"07/07/2020,""446.22"",""446.22"",""447.12"",""445.83"","""",""-0.20%"""
"07/06/2020,""447.12"",""447.12"",""450.33"",""446.76"","""",""-0.60%"""
"07/03/2020,""449.82"",""449.82"",""453.64"",""449.07"","""",""-0.60%"""
"07/02/2020,""452.52"",""452.52"",""453.03"",""450.60"","""",""-0.11%"""
"07/01/2020,""453.03"",""453.03"",""454.10"",""451.28"","""",""-0.05%"""
"06/30/2020,""453.26"",""453.26"",""454.03"",""450.64"","""",""-0.15%"""
"06/29/2020,""453.92"",""453.92"",""455.65"",""453.92"","""",""-0.27%"""
"06/26/2020,""455.15"",""455.15"",""456.02"",""452.44"","""",""-0.19%"""
"06/25/2020,""456.02"",""456.02"",""457.94"",""452.72"","""",""0.17%"""
"06/24/2020,""455.24"",""455.24"",""455.87"",""454.75"","""",""0.03%"""
"06/23/2020,""455.12"",""455.12"",""457.71"",""455.00"","""",""-0.46%"""
"06/22/2020,""457.22"",""457.22"",""459.87"",""455.86"","""",""-0.58%"""
"06/19/2020,""459.87"",""459.87"",""459.87"",""458.08"","""",""0.17%"""
"06/18/2020,""459.09"",""459.09"",""459.46"",""457.10"","""",""-0.08%"""
"06/17/2020,""459.46"",""459.46"",""459.46"",""457.35"","""",""0.42%"""
"06/16/2020,""457.53"",""457.53"",""460.07"",""457.53"","""",""-0.28%"""
"06/15/2020,""458.81"",""458.81"",""458.81"",""455.46"","""",""0.53%"""
"06/12/2020,""456.39"",""456.39"",""456.94"",""447.96"","""",""0.87%"""
"06/11/2020,""452.47"",""452.47"",""463.49"",""451.22"","""",""-2.12%"""
"06/10/2020,""462.28"",""462.28"",""465.68"",""461.15"","""",""-0.73%"""
"06/09/2020,""465.68"",""465.68"",""466.20"",""464.00"","""",""-0.03%"""
"06/08/2020,""465.84"",""465.84"",""468.80"",""463.31"","""",""-0.29%"""
"06/05/2020,""467.21"",""467.21"",""467.45"",""460.96"","""",""1.11%"""
"06/04/2020,""462.10"",""462.10"",""462.10"",""456.12"","""",""0.70%"""
"06/03/2020,""458.87"",""458.87"",""461.26"",""458.05"","""",""-0.47%"""
"06/02/2020,""461.03"",""461.03"",""461.57"",""458.03"","""",""-0.01%"""
"06/01/2020,""461.06"",""461.06"",""472.11"",""448.84"","""",""1.84%"""
"05/29/2020,""452.71"",""452.71"",""453.76"",""448.25"","""",""-0.23%"""
"05/28/2020,""453.76"",""453.76"",""454.73"",""452.47"","""",""0.19%"""
"05/27/2020,""452.92"",""452.92"",""452.92"",""448.78"","""",""0.30%"""
"05/26/2020,""451.56"",""451.56"",""451.56"",""448.30"","""",""0.30%"""
"05/22/2020,""450.22"",""450.22"",""450.32"",""448.66"","""",""0.15%"""
"05/21/2020,""449.56"",""449.56"",""449.56"",""447.07"","""",""0.02%"""
"05/20/2020,""449.45"",""449.45"",""451.33"",""445.10"","""",""-0.42%"""
"05/19/2020,""451.33"",""451.33"",""451.33"",""449.51"","""",""0.35%"""
"05/18/2020,""449.75"",""449.75"",""451.49"",""446.84"","""",""-0.08%"""
"05/15/2020,""450.13"",""450.13"",""450.82"",""448.29"","""",""0.14%"""
"05/14/2020,""449.51"",""449.51"",""452.98"",""447.03"","""",""-0.77%"""
"05/13/2020,""452.98"",""452.98"",""452.98"",""448.91"","""",""0.27%"""
"05/12/2020,""451.78"",""451.78"",""452.46"",""449.34"","""",""0.45%"""
"05/11/2020,""449.77"",""449.77"",""450.49"",""447.53"","""",""0.21%"""
"05/08/2020,""448.82"",""448.82"",""449.00"",""444.71"","""",""0.42%"""
"05/07/2020,""446.95"",""446.95"",""448.94"",""444.07"","""",""-0.32%"""
"05/05/2020,""448.37"",""448.37"",""448.93"",""445.59"","""",""0.14%"""
"05/04/2020,""447.74"",""447.74"",""448.43"",""445.57"","""",""0.06%"""
"04/30/2020,""447.45"",""447.45"",""449.60"",""446.40"","""",""-0.43%"""
"04/29/2020,""449.39"",""449.39"",""449.39"",""444.45"","""",""0.38%"""
"04/28/2020,""447.70"",""447.70"",""448.20"",""444.24"","""",""0.53%"""
"04/27/2020,""445.33"",""445.33"",""452.34"",""443.48"","""",""-0.73%"""
"04/24/2020,""448.61"",""448.61"",""450.38"",""442.63"","""",""1.35%"""
"04/23/2020,""442.63"",""442.63"",""445.26"",""435.38"","""",""1.67%"""
"04/22/2020,""435.38"",""435.38"",""437.59"",""429.12"","""",""1.46%"""
"04/21/2020,""429.12"",""429.12"",""447.27"",""424.74"","""",""-4.06%"""
"04/16/2020,""447.27"",""447.27"",""462.15"",""439.20"","""",""-1.31%"""
"04/15/2020,""453.20"",""453.20"",""461.23"",""452.00"","""",""-1.38%"""
"04/14/2020,""459.55"",""459.55"",""459.55"",""445.43"","""",""3.17%"""
"04/09/2020,""445.43"",""445.43"",""445.48"",""435.50"","""",""2.27%"""
"04/08/2020,""435.55"",""435.55"",""435.55"",""431.58"","""",""0.50%"""
"04/07/2020,""433.39"",""433.39"",""437.36"",""427.78"","""",""1.31%"""
"04/06/2020,""427.78"",""427.78"",""429.76"",""423.34"","""",""1.05%"""
"04/03/2020,""423.34"",""423.34"",""423.48"",""418.92"","""",""0.39%"""
"04/02/2020,""421.69"",""421.69"",""424.70"",""416.25"","""",""0.97%"""
"04/01/2020,""417.64"",""417.64"",""419.35"",""415.76"","""",""-0.41%"""
"03/31/2020,""419.35"",""419.35"",""423.74"",""419.35"","""",""-0.17%"""
"03/30/2020,""420.07"",""420.07"",""421.68"",""413.34"","""",""-0.38%"""
"03/27/2020,""421.68"",""421.68"",""426.48"",""420.75"","""",""-0.33%"""
"03/26/2020,""423.07"",""423.07"",""426.19"",""420.49"","""",""-0.72%"""
"03/25/2020,""426.13"",""426.13"",""433.69"",""418.88"","""",""1.73%"""
"03/24/2020,""418.88"",""418.88"",""419.96"",""406.90"","""",""2.94%"""
"03/23/2020,""406.90"",""406.90"",""413.68"",""401.19"","""",""-1.48%"""
"03/20/2020,""413.03"",""413.03"",""421.25"",""404.91"","""",""1.78%"""
"03/19/2020,""405.80"",""405.80"",""419.06"",""404.37"","""",""-2.54%"""
"03/18/2020,""416.39"",""416.39"",""424.57"",""413.61"","""",""-1.42%"""
"03/17/2020,""422.40"",""422.40"",""424.92"",""410.98"","""",""-0.37%"""
"03/16/2020,""423.96"",""423.96"",""447.95"",""418.42"","""",""-5.36%"""
"03/13/2020,""447.95"",""447.95"",""462.15"",""422.47"","""",""-2.11%"""
"03/12/2020,""457.61"",""457.61"",""495.12"",""453.69"","""",""-7.58%"""
"03/11/2020,""495.12"",""495.12"",""495.43"",""489.51"","""",""0.06%"""
"03/10/2020,""494.81"",""494.81"",""494.81"",""475.63"","""",""4.03%"""
"03/09/2020,""475.63"",""475.63"",""529.93"",""474.03"","""",""-10.25%"""
"03/06/2020,""529.93"",""529.93"",""537.09"",""529.91"","""",""-1.21%"""
"03/05/2020,""536.40"",""536.40"",""543.34"",""534.97"","""",""-1.25%"""
"03/04/2020,""543.21"",""543.21"",""547.85"",""536.97"","""",""-0.65%"""
"03/02/2020,""546.75"",""546.75"",""555.77"",""544.31"","""",""-0.64%"""
"02/28/2020,""550.25"",""550.25"",""550.25"",""521.86"","""",""0.28%"""
"02/27/2020,""548.71"",""548.71"",""548.71"",""544.08"","""",""0.42%"""
"02/26/2020,""546.39"",""546.39"",""546.96"",""538.79"","""",""0.25%"""
"02/25/2020,""545.01"",""545.01"",""550.44"",""543.09"","""",""-0.99%"""
"02/24/2020,""550.44"",""550.44"",""552.24"",""544.51"","""",""-0.33%"""
"02/21/2020,""552.24"",""552.24"",""553.23"",""547.60"","""",""0.77%"""
"02/20/2020,""548.03"",""548.03"",""549.73"",""546.57"","""",""-0.16%"""
"02/19/2020,""548.91"",""548.91"",""555.85"",""548.00"","""",""-0.37%"""
"02/18/2020,""550.97"",""550.97"",""560.47"",""547.81"","""",""-1.70%"""
"02/17/2020,""560.47"",""560.47"",""560.47"",""556.77"","""",""0.32%"""
"02/14/2020,""558.70"",""558.70"",""563.93"",""558.50"","""",""-0.84%"""
"02/13/2020,""563.46"",""563.46"",""570.15"",""562.67"","""",""-0.92%"""
"02/12/2020,""568.67"",""568.67"",""572.95"",""568.67"","""",""-0.35%"""
"02/11/2020,""570.67"",""570.67"",""572.30"",""569.95"","""",""0.04%"""
"02/10/2020,""570.42"",""570.42"",""573.02"",""568.10"","""",""0.14%"""
"02/07/2020,""569.62"",""569.62"",""570.87"",""569.10"","""",""-0.08%"""
"02/06/2020,""570.05"",""570.05"",""573.62"",""565.22"","""",""-0.05%"""
"02/05/2020,""570.36"",""570.36"",""575.15"",""570.36"","""",""-0.83%"""
"02/04/2020,""575.15"",""575.15"",""575.15"",""569.60"","""",""0.21%"""
"02/03/2020,""573.96"",""573.96"",""575.87"",""573.13"","""",""-0.33%"""
"01/31/2020,""575.87"",""575.87"",""576.28"",""571.40"","""",""0.28%"""
"01/30/2020,""574.27"",""574.27"",""577.70"",""572.99"","""",""-0.39%"""
"01/29/2020,""576.51"",""576.51"",""580.36"",""572.68"","""",""-0.27%"""
"01/28/2020,""578.05"",""578.05"",""579.49"",""571.85"","""",""-0.25%"""
"01/27/2020,""579.49"",""579.49"",""582.81"",""579.49"","""",""-0.57%"""
"01/24/2020,""582.81"",""582.81"",""584.16"",""581.47"","""",""-0.10%"""
"01/23/2020,""583.41"",""583.41"",""584.94"",""583.10"","""",""-0.25%"""
"01/22/2020,""584.90"",""584.90"",""586.39"",""584.16"","""",""-0.06%"""
"01/21/2020,""585.28"",""585.28"",""586.55"",""582.89"","""",""-0.08%"""
"01/20/2020,""585.73"",""585.73"",""586.33"",""580.10"","""",""0.97%"""
"01/17/2020,""580.10"",""580.10"",""583.44"",""579.60"","""",""-0.29%"""
"01/16/2020,""581.81"",""581.81"",""582.44"",""580.41"","""",""0.08%"""
"01/15/2020,""581.34"",""581.34"",""581.61"",""578.80"","""",""0.21%"""
"01/14/2020,""580.10"",""580.10"",""580.47"",""577.04"","""",""0.34%"""
"01/13/2020,""578.16"",""578.16"",""579.35"",""576.59"","""",""-0.19%"""
"01/10/2020,""579.24"",""579.24"",""579.24"",""576.15"","""",""0.26%"""
"01/09/2020,""577.72"",""577.72"",""578.68"",""573.95"","""",""0.34%"""
"01/08/2020,""575.75"",""575.75"",""580.86"",""566.17"","""",""1.69%"""
"01/07/2020,""566.17"",""566.17"",""572.42"",""566.17"","""",""-0.79%"""
"01/06/2020,""570.65"",""570.65"",""571.20"",""568.60"","""",""0.36%"""
"01/03/2020,""568.60"",""568.60"",""568.90"",""566.10"","""",""0.06%"""
"01/02/2020,""568.25"",""568.25"",""569.62"",""564.52"","""",""0.02%"""
"12/30/2019,""568.14"",""568.14"",""570.19"",""560.38"","""",""1.14%"""
"12/27/2019,""561.73"",""561.73"",""566.70"",""561.09"","""",""-0.22%"""
"12/23/2019,""562.96"",""562.96"",""564.89"",""548.01"","""",""2.68%"""
"12/20/2019,""548.24"",""548.24"",""559.90"",""548.24"","""",""-1.26%"""
"12/19/2019,""555.23"",""555.23"",""555.23"",""546.77"","""",""1.31%"""
"12/18/2019,""548.04"",""548.04"",""548.29"",""539.89"","""",""1.24%"""
"12/17/2019,""541.34"",""541.34"",""547.10"",""541.34"","""",""-0.83%"""
"12/16/2019,""545.85"",""545.85"",""545.85"",""541.71"","""",""0.35%"""
"12/13/2019,""543.92"",""543.92"",""543.92"",""542.20"","""",""0.08%"""
"12/12/2019,""543.50"",""543.50"",""543.53"",""541.45"","""",""0.10%"""
"12/11/2019,""542.96"",""542.96"",""546.17"",""542.45"","""",""-0.57%"""
"12/10/2019,""546.07"",""546.07"",""548.09"",""543.48"","""",""-0.32%"""
"12/09/2019,""547.84"",""547.84"",""547.84"",""543.89"","""",""0.23%"""
"12/06/2019,""546.61"",""546.61"",""546.75"",""542.65"","""",""0.47%"""
"12/05/2019,""544.03"",""544.03"",""544.28"",""542.16"","""",""0.09%"""
"12/04/2019,""543.56"",""543.56"",""544.24"",""541.17"","""",""-0.12%"""
"12/03/2019,""544.24"",""544.24"",""548.08"",""541.75"","""",""-0.65%"""
"12/02/2019,""547.82"",""547.82"",""548.08"",""545.95"","""",""0.23%"""
"11/29/2019,""546.57"",""546.57"",""548.01"",""542.36"","""",""0.59%"""
"11/28/2019,""543.36"",""543.36"",""543.98"",""542.61"","""",""-0.11%"""
"11/27/2019,""543.98"",""543.98"",""545.79"",""542.48"","""",""-0.33%"""
"11/26/2019,""545.79"",""545.79"",""548.62"",""545.63"","""",""-0.52%"""
"11/25/2019,""548.62"",""548.62"",""551.22"",""547.41"","""",""-0.47%"""
"11/22/2019,""551.22"",""551.22"",""551.22"",""549.58"","""",""0.22%"""
"11/21/2019,""550.00"",""550.00"",""551.15"",""549.75"","""",""-0.18%"""
"11/20/2019,""550.98"",""550.98"",""554.59"",""549.93"","""",""-0.62%"""
"11/19/2019,""554.40"",""554.40"",""555.97"",""552.95"","""",""-0.25%"""
"11/18/2019,""555.77"",""555.77"",""556.13"",""553.25"","""",""0.34%"""
"11/15/2019,""553.88"",""553.88"",""558.80"",""551.27"","""",""-0.88%"""
"11/14/2019,""558.80"",""558.80"",""558.80"",""556.54"","""",""0.01%"""
"11/13/2019,""558.73"",""558.73"",""559.04"",""557.29"","""",""0.09%"""
"11/12/2019,""558.24"",""558.24"",""558.86"",""556.75"","""",""0.08%"""
"11/11/2019,""557.77"",""557.77"",""560.84"",""553.49"","""",""-0.50%"""
"11/08/2019,""560.59"",""560.59"",""560.59"",""558.64"","""",""0.31%"""
"11/07/2019,""558.87"",""558.87"",""559.05"",""557.11"","""",""0.19%"""
"11/06/2019,""557.83"",""557.83"",""558.20"",""553.06"","""",""0.86%"""
"11/05/2019,""553.06"",""553.06"",""554.90"",""552.75"","""",""-0.33%"""
"11/04/2019,""554.90"",""554.90"",""556.40"",""553.61"","""",""0.05%"""
"11/01/2019,""554.64"",""554.64"",""556.84"",""554.45"","""",""-0.40%"""
"10/31/2019,""556.84"",""556.84"",""559.22"",""555.45"","""",""0.18%"""
"10/30/2019,""555.86"",""555.86"",""556.69"",""553.81"","""",""-0.08%"""
"10/29/2019,""556.28"",""556.28"",""561.05"",""555.86"","""",""-0.69%"""
"10/28/2019,""560.16"",""560.16"",""562.08"",""558.54"","""",""-0.22%"""
"10/25/2019,""561.41"",""561.41"",""562.83"",""559.83"","""",""0.07%"""
"10/24/2019,""561.00"",""561.00"",""561.00"",""558.35"","""",""0.26%"""
"10/23/2019,""559.56"",""559.56"",""564.60"",""559.03"","""",""-0.83%"""
"10/22/2019,""564.22"",""564.22"",""565.46"",""563.59"","""",""-0.17%"""
"10/21/2019,""565.19"",""565.19"",""565.19"",""560.35"","""",""0.06%"""
"10/18/2019,""564.83"",""564.83"",""565.47"",""562.33"","""",""0.21%"""
"10/17/2019,""563.67"",""563.67"",""563.79"",""558.97"","""",""0.64%"""
"10/16/2019,""560.07"",""560.07"",""561.47"",""558.95"","""",""-0.25%"""
"10/15/2019,""561.47"",""561.47"",""561.84"",""560.65"","""",""-0.05%"""
"10/14/2019,""561.77"",""561.77"",""563.05"",""560.27"","""",""-0.06%"""
"10/11/2019,""562.11"",""562.11"",""562.53"",""556.83"","""",""0.84%"""
"10/10/2019,""557.44"",""557.44"",""559.26"",""556.97"","""",""-0.33%"""
"10/09/2019,""559.26"",""559.26"",""562.63"",""558.38"","""",""-0.32%"""
"10/08/2019,""561.05"",""561.05"",""564.35"",""557.71"","""",""-0.37%"""
"10/07/2019,""563.12"",""563.12"",""563.51"",""560.12"","""",""0.02%"""
"10/04/2019,""563.02"",""563.02"",""565.90"",""556.79"","""",""-0.51%"""
"10/03/2019,""565.90"",""565.90"",""568.53"",""562.22"","""",""-0.46%"""
"10/02/2019,""568.53"",""568.53"",""569.32"",""561.25"","""",""-0.14%"""
"10/01/2019,""569.32"",""569.32"",""570.80"",""568.19"","""",""-0.22%"""
"09/30/2019,""570.58"",""570.58"",""574.60"",""568.00"","""",""-0.70%"""
"09/27/2019,""574.60"",""574.60"",""574.60"",""568.82"","""",""0.16%"""
"09/26/2019,""573.68"",""573.68"",""573.68"",""567.46"","""",""0.01%"""
"09/25/2019,""573.64"",""573.64"",""573.64"",""566.24"","""",""0.25%"""
"09/24/2019,""572.20"",""572.20"",""574.47"",""570.48"","""",""-0.12%"""
"09/20/2019,""572.86"",""572.86"",""580.13"",""571.60"","""",""-1.06%"""
"09/19/2019,""578.99"",""578.99"",""581.51"",""576.55"","""",""-0.29%"""
"09/18/2019,""580.65"",""580.65"",""581.80"",""576.94"","""",""0.29%"""
"09/17/2019,""578.97"",""578.97"",""580.59"",""576.27"","""",""-0.18%"""
"09/16/2019,""580.02"",""580.02"",""581.34"",""576.88"","""",""0.24%"""
"09/13/2019,""578.65"",""578.65"",""578.65"",""575.63"","""",""0.11%"""
"09/12/2019,""578.01"",""578.01"",""579.16"",""575.44"","""",""-0.04%"""
"09/11/2019,""578.22"",""578.22"",""578.22"",""571.93"","""",""0.33%"""
"09/10/2019,""576.29"",""576.29"",""576.37"",""572.59"","""",""0.45%"""
"09/09/2019,""573.70"",""573.70"",""574.90"",""571.23"","""",""-0.08%"""
"09/05/2019,""574.17"",""574.17"",""575.02"",""573.23"","""",""0.16%"""
"09/04/2019,""573.23"",""573.23"",""573.23"",""568.81"","""",""0.25%"""
"09/03/2019,""571.80"",""571.80"",""571.80"",""568.95"","""",""0.33%"""
"09/02/2019,""569.92"",""569.92"",""570.65"",""567.45"","""",""0.44%"""
"08/30/2019,""567.45"",""567.45"",""571.23"",""567.45"","""",""-0.54%"""
"08/29/2019,""570.53"",""570.53"",""570.53"",""565.80"","""",""0.72%"""
"08/28/2019,""566.45"",""566.45"",""573.11"",""566.45"","""",""-1.12%"""
"08/27/2019,""572.87"",""572.87"",""574.79"",""572.05"","""",""-0.31%"""
"08/26/2019,""574.66"",""574.66"",""577.97"",""574.54"","""",""-0.31%"""
"08/23/2019,""576.43"",""576.43"",""577.02"",""574.31"","""",""0.30%"""
"08/22/2019,""574.70"",""574.70"",""579.56"",""573.86"","""",""-0.84%"""
"08/21/2019,""579.56"",""579.56"",""580.17"",""575.65"","""",""0.68%"""
"08/20/2019,""575.65"",""575.65"",""575.79"",""574.80"","""",""0.06%"""
"08/19/2019,""575.28"",""575.28"",""575.28"",""572.26"","""",""0.03%"""
"08/16/2019,""575.10"",""575.10"",""579.02"",""572.95"","""",""-0.61%"""
"08/15/2019,""578.64"",""578.64"",""582.55"",""575.13"","""",""-0.67%"""
"08/14/2019,""582.55"",""582.55"",""583.56"",""577.65"","""",""0.07%"""
"08/13/2019,""582.16"",""582.16"",""582.49"",""581.45"","""",""0.04%"""
"08/12/2019,""581.90"",""581.90"",""583.79"",""581.90"","""",""-0.30%"""
"08/09/2019,""583.63"",""583.63"",""585.74"",""582.52"","""",""-0.03%"""
"08/08/2019,""583.82"",""583.82"",""584.35"",""579.04"","""",""0.81%"""
"08/07/2019,""579.12"",""579.12"",""581.31"",""579.12"","""",""-0.14%"""
"08/06/2019,""579.95"",""579.95"",""582.27"",""579.51"","""",""-0.25%"""
"08/05/2019,""581.39"",""581.39"",""581.97"",""580.08"","""",""0.23%"""
"08/02/2019,""580.08"",""580.08"",""582.40"",""579.66"","""",""-0.24%"""
"08/01/2019,""581.48"",""581.48"",""582.31"",""579.53"","""",""0.14%"""
"07/31/2019,""580.68"",""580.68"",""584.42"",""576.79"","""",""-0.14%"""
"07/30/2019,""581.48"",""581.48"",""583.81"",""581.06"","""",""-0.35%"""
"07/29/2019,""583.50"",""583.50"",""586.79"",""582.48"","""",""-0.09%"""
"07/26/2019,""584.03"",""584.03"",""585.80"",""580.60"","""",""0.59%"""
"07/25/2019,""580.60"",""580.60"",""582.55"",""579.14"","""",""-0.07%"""
"07/24/2019,""580.99"",""580.99"",""582.15"",""577.91"","""",""0.32%"""
"07/23/2019,""579.15"",""579.15"",""581.11"",""579.15"","""",""-0.06%"""
"07/22/2019,""579.47"",""579.47"",""582.56"",""579.38"","""",""-0.53%"""
"07/19/2019,""582.56"",""582.56"",""584.59"",""577.00"","""",""0.96%"""
"07/18/2019,""577.00"",""577.00"",""577.40"",""574.97"","""",""-0.05%"""
"07/17/2019,""577.28"",""577.28"",""578.55"",""576.23"","""",""-0.22%"""
"07/16/2019,""578.55"",""578.55"",""579.84"",""576.32"","""",""-0.22%"""
"07/15/2019,""579.84"",""579.84"",""584.66"",""578.61"","""",""-0.67%"""
"07/12/2019,""583.78"",""583.78"",""584.49"",""580.99"","""",""0.06%"""
"07/11/2019,""583.45"",""583.45"",""583.74"",""580.64"","""",""0.48%"""
"07/10/2019,""580.64"",""580.64"",""581.45"",""578.45"","""",""0.35%"""
"07/09/2019,""578.63"",""578.63"",""582.98"",""578.63"","""",""-0.75%"""
"07/08/2019,""582.98"",""582.98"",""582.98"",""573.45"","""",""0.39%"""
"07/05/2019,""580.70"",""580.70"",""583.19"",""580.64"","""",""-0.27%"""
"07/04/2019,""582.29"",""582.29"",""584.02"",""579.91"","""",""0.14%"""
"07/03/2019,""581.48"",""581.48"",""584.24"",""580.77"","""",""-0.04%"""
"07/02/2019,""581.74"",""581.74"",""584.84"",""580.64"","""",""-0.18%"""
"07/01/2019,""582.79"",""582.79"",""587.81"",""582.79"","""",""-0.85%"""
"06/28/2019,""587.81"",""587.81"",""587.81"",""580.92"","""",""1.01%"""
"06/27/2019,""581.94"",""581.94"",""581.94"",""577.64"","""",""0.74%"""
"06/26/2019,""577.64"",""577.64"",""578.33"",""573.26"","""",""0.40%"""
"06/25/2019,""575.34"",""575.34"",""581.38"",""574.94"","""",""-0.82%"""
"06/24/2019,""580.11"",""580.11"",""582.66"",""578.27"","""",""0.22%"""
"06/21/2019,""578.86"",""578.86"",""578.86"",""574.88"","""",""0.20%"""
"06/20/2019,""577.70"",""577.70"",""579.98"",""577.55"","""",""-0.39%"""
"06/19/2019,""579.98"",""579.98"",""579.98"",""577.91"","""",""0.33%"""
"06/18/2019,""578.05"",""578.05"",""578.67"",""574.64"","""",""0.15%"""
"06/17/2019,""577.21"",""577.21"",""580.93"",""575.29"","""",""-0.14%"""
"06/14/2019,""578.00"",""578.00"",""580.19"",""578.00"","""",""-0.12%"""
"06/13/2019,""578.71"",""578.71"",""578.81"",""574.87"","""",""0.01%"""
"06/12/2019,""578.63"",""578.63"",""583.94"",""576.43"","""",""-0.29%"""
"06/11/2019,""580.34"",""580.34"",""581.86"",""577.91"","""",""-0.18%"""
"06/10/2019,""581.37"",""581.37"",""581.37"",""576.43"","""",""0.85%"""
"06/07/2019,""576.48"",""576.48"",""580.66"",""576.48"","""",""-0.59%"""
"06/06/2019,""579.90"",""579.90"",""579.90"",""575.87"","""",""0.39%"""
"06/05/2019,""577.63"",""577.63"",""583.09"",""577.63"","""",""-0.43%"""
"06/04/2019,""580.11"",""580.11"",""580.85"",""577.08"","""",""-0.05%"""
"06/03/2019,""580.39"",""580.39"",""582.48"",""576.89"","""",""-0.36%"""
"05/31/2019,""582.48"",""582.48"",""582.53"",""578.65"","""",""0.06%"""
"05/30/2019,""582.14"",""582.14"",""582.14"",""571.48"","""",""1.67%"""
"05/29/2019,""572.56"",""572.56"",""572.85"",""570.10"","""",""0.13%"""
"05/28/2019,""571.80"",""571.80"",""572.52"",""564.99"","""",""-0.10%"""
"05/27/2019,""572.37"",""572.37"",""574.11"",""572.37"","""",""-0.20%"""
"05/23/2019,""573.51"",""573.51"",""574.11"",""571.63"","""",""0.10%"""
"05/22/2019,""572.95"",""572.95"",""573.50"",""568.83"","""",""0.72%"""
"05/21/2019,""568.83"",""568.83"",""569.50"",""565.31"","""",""-0.09%"""
"05/20/2019,""569.37"",""569.37"",""570.28"",""566.52"","""",""0.09%"""
"05/17/2019,""568.87"",""568.87"",""569.61"",""563.77"","""",""-0.04%"""
"05/16/2019,""569.12"",""569.12"",""569.12"",""566.36"","""",""0.49%"""
"05/15/2019,""566.36"",""566.36"",""566.61"",""560.05"","""",""0.52%"""
"05/14/2019,""563.42"",""563.42"",""568.49"",""560.22"","""",""-0.68%"""
"05/13/2019,""567.25"",""567.25"",""571.67"",""567.25"","""",""-0.75%"""
"05/10/2019,""571.54"",""571.54"",""571.54"",""564.70"","""",""0.47%"""
"05/09/2019,""568.88"",""568.88"",""569.40"",""566.21"","""",""0.34%"""
"05/08/2019,""566.97"",""566.97"",""569.70"",""566.97"","""",""-0.13%"""
"05/07/2019,""567.70"",""567.70"",""572.15"",""566.92"","""",""-0.63%"""
"05/03/2019,""571.30"",""571.30"",""572.42"",""570.00"","""",""-0.14%"""
"05/02/2019,""572.12"",""572.12"",""576.18"",""569.40"","""",""-0.51%"""
"04/30/2019,""575.06"",""575.06"",""576.36"",""570.84"","""",""0.22%"""
